Workbook

Sheet 1
A1: บริษัท เอ็นเอ็นวาย แมททีเรียลส์ จำกัด
A2: รายงานการวิ่งรถประจำเดือน | F2: เมษายน | G2: ปี | H2: 2569
A3: เบอร์รถ….1..... | H3: หน้า | I3: 1
A4: ทะเบียนรถ …6001.... | E4: ตั้งแต่วันที่ | F4: 46107 | H4: ถึงวันที่ | I4: 46136
A5: ลำดับ | B5: วันที่ | C5: เลขที่เอกสาร | D5: หน่วยงาน | E5: สินค้า | F5: จำนวนเที่ยว | I5: หมายเหตุ
F6: 8.00-17.00 | G6: หลัง 17.00 | H6: (คิว)
A7: 1 | B7: 46107 | C7: 0071357 | D7: บจก.เอ็นวี | E7: N3200NP00 | F7: 1 | H7: 6
A8: 2 | C8: 0071368 | D8: บจก.เอ็นที | E8: N2400NP00 | F8: 1 | H8: 4
A9: 3 | C9: 0071380 | D9: บริษัท ทีม ยูเนี่ยน | E9: N3201NP01 | F9: 1 | H9: 6
A10: 4 | C10: 0071391 | D10: NTW#2 | E10: N1800NP00 | F10: 1 | H10: 5
A11: 5 | C11: 0071403 | D11: บริษัท ทีม ยูเนี่ยน | E11: N3201NP01 | F11: 1 | H11: 6
A12: 6 | C12: 0071414 | D12: บริษัท ทีม ยูเนี่ยน | E12: N3201NP01 | G12: 1 | H12: 2.5
A13: 7
A14: 8
A15: 9
A16: 10
A17: รวม | F17: =SUM(F7:F16) -> 5 | G17: =SUM(G7:G16) -> 1 | H17: =SUM(H7:H16) -> 29.5
A18: 1 | B18: =B7+1 -> 46108 | C18: 0071416 | D18: บจก.เอ็นวี | E18: N2400NP00 | F18: 1 | H18: 4
A19: 2 | C19: 0071435 | D19: บจก.เซล คอนสตรัคชั่น | E19: N3201NP01 | F19: 1 | H19: 5
A20: 3 | C20: 0071449 | D20: บริษัท ทีม ยูเนี่ยน | E20: N3201NP01 | F20: 1 | H20: 6
A21: 4 | C21: 0071464 | D21: บริษัท ทีม ยูเนี่ยน | E21: N3201NP01 | F21: 1 | H21: 6
A22: 5 | C22: 0071476 | D22: บริษัท ทีม ยูเนี่ยน | E22: N3201NP01 | F22: 1 | H22: 6
A23: 6 | C23: 0071490 | D23: บจก.เซล คอนสตรัคชั่น | E23: N3201NP01 | G23: 1 | H23: 6
A24: 7 | C24: 0071502 | D24: บริษัท ทีม ยูเนี่ยน | E24: N3201NP01 | G24: 1 | H24: 6
A25: 8 | C25: 0071514 | D25: บริษัท ทีม ยูเนี่ยน | E25: N3201NP01 | G25: 1 | H25: 6
A26: 9
A27: 10
A28: รวม | F28: =SUM(F18:F27) -> 5 | G28: =SUM(G18:G27) -> 3 | H28: =SUM(H18:H27) -> 45
A29: 1 | B29: =B18+1 -> 46109 | C29: 0071524 | D29: บจก.ปิยะมณี | E29: N3000NP00 | F29: 1 | H29: 4.5
A30: 2 | C30: 0071536 | D30: บจก.ช.วิรัตน์ | E30: N2400NP00 | F30: 1 | H30: 2
A31: 3 | C31: 0071543 | D31: บจก.ช.วิรัตน์ | E31: N2400NP00 | F31: 1 | H31: 2
A32: 4 | C32: 0071550 | D32: บจก.หลู่ไท่ | E32: N3200NP00 | F32: 1 | H32: 5
A33: 5
A34: 6
A35: 7
A36: 8
A37: 9
A38: 10
A39: รวม | F39: =SUM(F29:F38) -> 4 | G39: =SUM(G29:G38) -> 0 | H39: =SUM(H29:H38) -> 13.5
A40: 1 | B40: =B29+1 -> 46110
A41: 2
A42: 3
A43: 4
A44: 5
A45: 6
A46: 7
A47: 8
A48: 9
A49: 10
A50: รวม | F50: =SUM(F40:F49) -> 0 | G50: =SUM(G40:G49) -> 0 | H50: =SUM(H40:H49) -> 0
A51: 1 | B51: =B40+1 -> 46111 | C51: 0071634 | D51: หจก.นัชชา | E51: N2400NP00 | F51: 1 | H51: 5
A52: 2 | C52: 0071643 | D52: NTW#3 | E52: N3202NP01 | F52: 1 | H52: 6
A53: 3 | C53: 0071656 | D53: บริษัท ทีม ยูเนี่ยน | E53: N3201NP01 | F53: 1 | H53: 6
A54: 4 | C54: 0071666 | D54: บจก.ช.วิรัตน์ | E54: N2400NP00 | F54: 1 | H54: 4
A55: 5 | C55: 0071673 | D55: บริษัท ทีม ยูเนี่ยน | E55: N3201NP01 | F55: 1 | H55: 6
A56: 6 | C56: 0071683 | D56: บจก.มั่นคงไพศาล | E56: N2400NP00 | F56: 1 | H56: 3.5
A57: 7 | C57: 0071696 | D57: บจก.เฟยจิน | E57: N3200NP00 | G57: 1 | H57: 6
A58: 8
A59: 9
A60: 10
A61: รวม | F61: =SUM(F51:F60) -> 6 | G61: =SUM(G51:G60) -> 1 | H61: =SUM(H51:H60) -> 36.5
A62: 1 | B62: =B51+1 -> 46112 | C62: 0071708 | D62: บจก.หลู่ไท่ | E62: N3200NP00 | F62: 1 | H62: 6
A63: 2 | C63: 0071721 | D63: บจก.หลู่ไท่ | E63: N3200NP00 | F63: 1 | H63: 6
A64: 3 | C64: 0071730 | D64: บจก.หลู่ไท่ | E64: N3200NP00 | F64: 1 | H64: 4
A65: 4 | C65: 0071739 | D65: NTW#2 | E65: N3202NP01 | F65: 1 | H65: 6
A66: 5 | C66: 0071746 | D66: บริษัท ทีม ยูเนี่ยน | E66: N3201NP01 | F66: 1 | H66: 6
A67: 6 | C67: 0071759 | D67: บริษัท ทีม ยูเนี่ยน | E67: N3201NP01 | F67: 1 | H67: 6
A68: 7 | C68: 0071772 | D68: บริษัท ทีม ยูเนี่ยน | E68: N3201NP01 | G68: 1 | H68: 6
A69: 8
A70: 9
A71: 10
A72: รวม | F72: =SUM(F62:F71) -> 6 | G72: =SUM(G62:G71) -> 1 | H72: =SUM(H62:H71) -> 40
A73: 1 | B73: =B62+1 -> 46113 | C73: 0071783 | D73: บจก.จิงกง | E73: N3200NP00 | F73: 1 | H73: 6
A74: 2 | C74: 0071791 | D74: บจก.จิงกง | E74: N3200NP00 | F74: 1 | H74: 6
A75: 3 | C75: 0071801 | D75: บจก.จิงกง | E75: N3200NP00 | F75: 1 | H75: 6
A76: 4 | C76: 0071812 | D76: NTW#2 | E76: N3202NP01 | F76: 1 | H76: 6
A77: 5 | C77: 0071824 | D77: บจก.หู่เฟิง | E77: N3200NP00 | G77: 1 | H77: 3.5
A78: 6
A79: 7
A80: 8
A81: 9
A82: 10
A83: รวม | F83: =SUM(F73:F82) -> 4 | G83: =SUM(G73:G82) -> 1 | H83: =SUM(H73:H82) -> 27.5
A84: รวมสุทธิ | F84: =F17+F28+F39+F50+F61+F72+F83 -> 30 | G84: =G17+G28+G39+G50+G61+G72+G83 -> 7 | H84: =H17+H28+H39+H50+H61+H72+H83 -> 192
A85: บริษัท เอ็นเอ็นวาย แมททีเรียลส์ จำกัด
A86: รายงานการวิ่งรถประจำเดือน | F86: =F2 -> เมษายน | G86: ปี | H86: =H2 -> 2569
A87: =$A$3 -> เบอร์รถ….1..... | H87: หน้า | I87: =I3+1 -> 2
A88: =$A$4 -> ทะเบียนรถ …6001.... | E88: ตั้งแต่วันที่ | F88: =$F$4 -> 46107 | H88: ถึงวันที่ | I88: =$I$4 -> 46136
A89: ลำดับ | B89: วันที่ | C89: เลขที่เอกสาร | D89: หน่วยงาน | E89: สินค้า | F89: จำนวนเที่ยว | I89: หมายเหตุ
F90: 8.00-17.00 | G90: หลัง 17.00 | H90: (คิว)
A91: 1 | B91: =B73+1 -> 46114 | C91: 0071832 | D91: บจก.หอพักสาย19 | E91: N3801NP04 | F91: 1 | H91: 6
A92: 2 | C92: 0071841 | D92: บจก.หอพักสาย19 | E92: N3801NP04 | F92: 1 | H92: 6
A93: 3 | C93: 0071849 | D93: บจก.จิงกง | E93: N3200NP00 | F93: 1 | H93: 6
A94: 4 | C94: 0071861 | D94: บริษัท ทีม ยูเนี่ยน | E94: N3201NP01 | F94: 1 | H94: 6
A95: 5 | C95: 0071870 | D95: บริษัท ทีม ยูเนี่ยน | E95: N3201NP01 | F95: 1 | H95: 6
A96: 6 | C96: 0071878 | D96: บริษัท ทีม ยูเนี่ยน | E96: N3201NP01 | F96: 1 | H96: 6
A97: 7 | C97: 0071889 | D97: บริษัท ทีม ยูเนี่ยน | E97: N3201NP01 | F97: 1 | H97: 6
A98: 8 | C98: 0071899 | D98: บริษัท ทีม ยูเนี่ยน | E98: N3201NP01 | G98: 1 | H98: 6
A99: 9 | C99: 0071907 | D99: บจก.ชัชนา | E99: N2400NP00 | G99: 1 | H99: 3.5
A100: 10
...

Sheet 2
A1: บริษัท เอ็นเอ็นวาย แมททีเรียลส์ จำกัด
A2: รายงานการวิ่งรถประจำเดือน | F2: ='1'!$F$2 -> เมษายน | G2: ปี | H2: ='1'!$H$2 -> 2569
A3: เบอร์รถ…2.... | H3: หน้า | I3: 1
A4: ทะเบียนรถ ….6002 .... | E4: ตั้งแต่วันที่ | F4: ='1'!$F$4 -> 46107 | H4: ถึงวันที่ | I4: ='1'!$I$4 -> 46136
A5: ลำดับ | B5: วันที่ | C5: เลขที่เอกสาร | D5: หน่วยงาน | E5: สินค้า | F5: จำนวนเที่ยว | I5: หมายเหตุ
F6: 8.00-17.00 | G6: หลัง 17.00 | H6: (คิว)
A7: 1 | B7: ='1'!B7 -> 46107 | C7: 0071358 | D7: บจก.เอ็นวี | E7: N3200NP00 | F7: 1 | H7: 6
A8: 2 | C8: 0071369 | D8: บจก.เอ็นวี | E8: N3200NP00 | F8: 1 | H8: 6
A9: 3 | C9: 0071396 | D9: บริษัท ทีม ยูเนี่ยน | E9: N3200NP00 | F9: 1 | H9: 2
A10: 4
A11: 5
A12: 6
A13: 7
A14: 8
A15: 9
A16: 10
A17: รวม | F17: =SUM(F7:F16) -> 3 | G17: =SUM(G7:G16) -> 0 | H17: =SUM(H7:H16) -> 14
A18: 1 | B18: =B7+1 -> 46108
A19: 2
A20: 3
A21: 4
A22: 5
A23: 6
A24: 7
A25: 8
A26: 9
A27: 10
A28: รวม | F28: =SUM(F18:F27) -> 0 | G28: =SUM(G18:G27) -> 0 | H28: =SUM(H18:H27) -> 0
A29: 1 | B29: =B18+1 -> 46109 | C29: 0071526 | D29: บจก.หลู่ไท่ | E29: N3200NP00 | F29: 1 | H29: 2.5
A30: 2 | C30: 0071538 | D30: หจก.นัชชา | E30: N2400NP00 | F30: 1 | H30: 1.5
A31: 3 | C31: 0071545 | D31: บจก.ชัชนา | E31: N2400NP00 | F31: 1 | H31: 5
A32: 4
A33: 5
A34: 6
A35: 7
A36: 8
A37: 9
A38: 10
A39: รวม | F39: =SUM(F29:F38) -> 3 | G39: =SUM(G29:G38) -> 0 | H39: =SUM(H29:H38) -> 9
A40: 1 | B40: =B29+1 -> 46110 | C40: 0071555 | D40: บจก.หงส์อัน | E40: N3200NP00 | F40: 1 | H40: 6
A41: 2 | C41: 0071566 | D41: บจก.เซล คอนสตรัคชั่น | E41: N3201NP01 | F41: 1 | H41: 5.5
A42: 3 | C42: 0071574 | D42: บจก.เซล คอนสตรัคชั่น | E42: N3201NP01 | F42: 1 | H42: 5.5
A43: 4 | C43: 0071586 | D43: บริษัท โหลงไท่ | E43: N3201NP01 | F43: 1 | H43: 4
A44: 5 | C44: 0071596 | D44: บจก.เซล คอนสตรัคชั่น | E44: N3201NP01 | F44: 1 | H44: 6
A45: 6 | C45: 0071606 | D45: บจก.เซล คอนสตรัคชั่น | E45: N3201NP01 | F45: 1 | H45: 6
A46: 7 | C46: 0071616 | D46: บริษัท โหลงไท่ | E46: N3201NP01 | G46: 1 | H46: 6
A47: 8
A48: 9
A49: 10
A50: รวม | F50: =SUM(F40:F49) -> 6 | G50: =SUM(G40:G49) -> 1 | H50: =SUM(H40:H49) -> 39
A51: 1 | B51: =B40+1 -> 46111 | C51: 0071625 | D51: NTW#2 | E51: N3202NP01 | F51: 1 | H51: 6
A52: 2 | C52: 0071637 | D52: บริษัท ทีม ยูเนี่ยน | E52: N3201NP01 | F52: 1 | H52: 6
A53: 3 | C53: 0071648 | D53: บริษัท ทีม ยูเนี่ยน | E53: N3201NP01 | F53: 1 | H53: 6
A54: 4 | C54: 0071659 | D54: บริษัท ทีม ยูเนี่ยน | E54: N3201NP01 | F54: 1 | H54: 6
A55: 5 | C55: 0071669 | D55: บริษัท ทีม ยูเนี่ยน | E55: N3201NP01 | F55: 1 | H55: 6
A56: 6 | C56: 0071680 | D56: บริษัท ทีม ยูเนี่ยน | E56: N3201NP01 | F56: 1 | H56: 6
A57: 7 | C57: 0071692 | D57: NTW#3 | E57: N1800NP00 | G57: 1 | H57: 2
A58: 8
A59: 9
A60: 10
A61: รวม | F61: =SUM(F51:F60) -> 6 | G61: =SUM(G51:G60) -> 1 | H61: =SUM(H51:H60) -> 38
A62: 1 | B62: =B51+1 -> 46112 | C62: 0071749 | D62: ZHC | E62: N3200NP00 | F62: 1 | H62: 2
A63: 2 | C63: 0071760 | D63: บริษัท ทีม ยูเนี่ยน | E63: N3200NP00 | F63: 1 | H63: 2
A64: 3
A65: 4
A66: 5
A67: 6
A68: 7
A69: 8
A70: 9
A71: 10
A72: รวม | F72: =SUM(F62:F71) -> 2 | G72: =SUM(G62:G71) -> 0 | H72: =SUM(H62:H71) -> 4
A73: 1 | B73: =B62+1 -> 46113 | C73: 0071781 | D73: บจก.จิงกง | E73: N3200NP00 | F73: 1 | H73: 5
A74: 2 | C74: 0071805 | D74: บจก.ไทย สตีล | E74: N3200NP00 | F74: 1 | H74: 5
A75: 3 | C75: 0071815 | D75: บจก.จิงกง | E75: N3200NP00 | F75: 1 | H75: 6
A76: 4 | C76: 0071826 | D76: บจก.หู่เฟิง | E76: N3200WP00 | G76: 1 | H76: 4.5
A77: 5
A78: 6
A79: 7
A80: 8
A81: 9
A82: 10
A83: รวม | F83: =SUM(F73:F82) -> 3 | G83: =SUM(G73:G82) -> 1 | H83: =SUM(H73:H82) -> 20.5
A84: รวมสุทธิ | F84: =F17+F28+F39+F50+F61+F72+F83 -> 23 | G84: =G17+G28+G39+G50+G61+G72+G83 -> 3 | H84: =H17+H28+H39+H50+H61+H72+H83 -> 124.5
A85: บริษัท เอ็นเอ็นวาย แมททีเรียลส์ จำกัด
A86: รายงานการวิ่งรถประจำเดือน | F86: =F2 -> เมษายน | G86: ปี | H86: =H2 -> 2569
A87: เบอร์รถ…2.... | H87: หน้า | I87: =I3+1 -> 2
A88: ทะเบียนรถ ….6002.... | E88: ตั้งแต่วันที่ | F88: =F4 -> 46107 | H88: ถึงวันที่ | I88: =$I$4 -> 46136
A89: ลำดับ | B89: วันที่ | C89: เลขที่เอกสาร | D89: หน่วยงาน | E89: สินค้า | F89: จำนวนเที่ยว | I89: หมายเหตุ
F90: 8.00-17.00 | G90: หลัง 17.00 | H90: (คิว)
A91: 1 | B91: =B73+1 -> 46114 | C91: 0071830 | D91: บจก.จิงกง | E91: N3200NP00 | F91: 1 | H91: 5
A92: 2 | C92: 0071839 | D92: บจก.หอพักสาย19 | E92: N3801NP04 | F92: 1 | H92: 6
A93: 3 | C93: 0071847 | D93: บจก.หอพักสาย19 | E93: N3801NP04 | F93: 1 | H93: 6
A94: 4 | C94: 0071856 | D94: NTW#3 | E94: N3202NP01 | F94: 1 | H94: 6
A95: 5 | C95: 0071868 | D95: บริษัท ทีม ยูเนี่ยน | E95: N3201NP01 | F95: 1 | H95: 6
A96: 6 | C96: 0071877 | D96: บริษัท ทีม ยูเนี่ยน | E96: N3201NP01 | F96: 1 | H96: 6
A97: 7 | C97: 0071887 | D97: ZHC | E97: N3200NP00 | F97: 1 | H97: 4
A98: 8 | C98: 0071905 | D98: บริษัท ทีม ยูเนี่ยน | E98: N3201NP01 | G98: 1 | H98: 6
A99: 9 | C99: 0071915 | D99: บริษัท ทีม ยูเนี่ยน | E99: N3201NP01 | G99: 1 | H99: 2
A100: 10
...

Sheet 3
A1: บริษัท เอ็นเอ็นวาย แมททีเรียลส์ จำกัด
A2: รายงานการวิ่งรถประจำเดือน | F2: ='1'!$F$2 -> เมษายน | G2: ปี | H2: ='1'!$H$2 -> 2569
A3: เบอร์รถ…3... | H3: หน้า | I3: 1
A4: ทะเบียนรถ …6003 .... | E4: ตั้งแต่วันที่ | F4: ='1'!$F$4 -> 46107 | H4: ถึงวันที่ | I4: ='1'!$I$4 -> 46136
A5: ลำดับ | B5: วันที่ | C5: เลขที่เอกสาร | D5: หน่วยงาน | E5: สินค้า | F5: จำนวนเที่ยว | I5: หมายเหตุ
F6: 8.00-17.00 | G6: หลัง 17.00 | H6: (คิว)
A7: 1 | B7: ='2'!B7 -> 46107 | C7: 0071359 | D7: บจก.เอ็นวี | E7: N3200NP00 | F7: 1 | H7: 6
A8: 2 | C8: 0071370 | D8: บจก.เอ็นวี | E8: N3200NP00 | F8: 1 | H8: 6
A9: 3 | C9: 0071378 | D9: บริษัท ทีม ยูเนี่ยน | E9: N0000NP05 | F9: 1 | H9: 1
A10: 4 | C10: 0071389 | D10: บริษัท ทีม ยูเนี่ยน | E10: N3201NP01 | F10: 1 | H10: 6
A11: 5 | C11: 0071401 | D11: บริษัท ทีม ยูเนี่ยน | E11: N3201NP01 | F11: 1 | H11: 6
A12: 6 | C12: 0071411 | D12: บจก.จิงกง | E12: N1800NP00 | F12: 1 | H12: 6
A13: 7
A14: 8
A15: 9
A16: 10
A17: รวม | F17: =SUM(F7:F16) -> 6 | G17: =SUM(G7:G16) -> 0 | H17: =SUM(H7:H16) -> 31
A18: 1 | B18: =B7+1 -> 46108 | C18: 0071417 | D18: หจก.นัชชา | E18: N2400NP00 | F18: 1 | H18: 5
A19: 2 | C19: 0071428 | D19: ZHC | E19: N3200NP00 | F19: 1 | H19: 4
A20: 3 | C20: 0071442 | D20: บจก.เซล คอนสตรัคชั่น | E20: N3201NP01 | F20: 1 | H20: 5
A21: 4 | C21: 0071462 | D21: บริษัท ทีม ยูเนี่ยน | E21: N3201NP01 | F21: 1 | H21: 6
A22: 5 | C22: 0071475 | D22: บริษัท ทีม ยูเนี่ยน | E22: N3201NP01 | F22: 1 | H22: 6
A23: 6 | C23: 0071489 | D23: บริษัท ทีม ยูเนี่ยน | E23: N3201NP01 | G23: 1 | H23: 6
A24: 7 | C24: 0071501 | D24: บจก.เซล คอนสตรัคชั่น | E24: N3201NP01 | G24: 1 | H24: 6
A25: 8 | C25: 0071515 | D25: บริษัท ทีม ยูเนี่ยน | E25: N3201NP01 | G25: 1 | H25: 2.5
A26: 9
A27: 10
A28: รวม | F28: =SUM(F18:F27) -> 5 | G28: =SUM(G18:G27) -> 3 | H28: =SUM(H18:H27) -> 40.5
A29: 1 | B29: =B18+1 -> 46109 | C29: 0071525 | D29: ZHC | E29: N3200NP00 | F29: 1 | H29: 6
A30: 2 | C30: 0071541 | D30: NTW#2 | E30: N1800NP00 | F30: 1 | H30: 4
A31: 3 | C31: 0071552 | D31: บจก.หลู่ไท่ | E31: N3200NP00 | G31: 1 | H31: 5
A32: 4
A33: 5
A34: 6
A35: 7
A36: 8
A37: 9
A38: 10
A39: รวม | F39: =SUM(F29:F38) -> 2 | G39: =SUM(G29:G38) -> 1 | H39: =SUM(H29:H38) -> 15
A40: 1 | B40: =B29+1 -> 46110 | C40: 0071556 | D40: บริษัท ไทยเซิ่ง | E40: N3200NP00 | F40: 1 | H40: 2
A41: 2 | C41: 0071570 | D41: บจก.เซล คอนสตรัคชั่น | E41: N3201NP01 | F41: 1 | H41: 5.5
A42: 3 | C42: 0071579 | D42: บจก.เซล คอนสตรัคชั่น | E42: N3201NP01 | F42: 1 | H42: 5.5
A43: 4 | C43: 0071591 | D43: บจก.จิงกง | E43: N3200NP00 | F43: 1 | H43: 5
A44: 5 | C44: 0071601 | D44: บจก.หงส์อัน | E44: N3200NP00 | F44: 1 | H44: 6
A45: 6 | C45: 0071610 | D45: ZHC | E45: N3801NP01 | F45: 1 | H45: 4.5
A46: 7
A47: 8
A48: 9
A49: 10
A50: รวม | F50: =SUM(F40:F49) -> 6 | G50: =SUM(G40:G49) -> 0 | H50: =SUM(H40:H49) -> 28.5
A51: 1 | B51: =B40+1 -> 46111
A52: 2
A53: 3
A54: 4
A55: 5
A56: 6
A57: 7
A58: 8
A59: 9
A60: 10
A61: รวม | F61: =SUM(F51:F60) -> 0 | G61: =SUM(G51:G60) -> 0 | H61: =SUM(H51:H60) -> 0
A62: 1 | B62: =B51+1 -> 46112 | C62: 0071709 | D62: บจก.หลู่ไท่ | E62: N3200NP00 | F62: 1 | H62: 6
A63: 2 | C63: 0071722 | D63: บจก.เอ็นวี | E63: N3200NP00 | F63: 1 | H63: 6
A64: 3 | C64: 0071732 | D64: บริษัท ทีม ยูเนี่ยน | E64: N0000NP05 | F64: 1 | H64: 1
A65: 4 | C65: 0071741 | D65: บริษัท ทีม ยูเนี่ยน | E65: N3201NP01 | F65: 1 | H65: 6
A66: 5 | C66: 0071753 | D66: บริษัท ทีม ยูเนี่ยน | E66: N3201NP01 | F66: 1 | H66: 6
A67: 6 | C67: 0071764 | D67: บริษัท ทีม ยูเนี่ยน | E67: N3201NP01 | F67: 1 | H67: 6
A68: 7 | C68: 0071774 | D68: บริษัท ทีม ยูเนี่ยน | E68: N3201NP01 | G68: 1 | H68: 6
A69: 8
A70: 9
A71: 10
A72: รวม | F72: =SUM(F62:F71) -> 6 | G72: =SUM(G62:G71) -> 1 | H72: =SUM(H62:H71) -> 37
A73: 1 | B73: =B62+1 -> 46113 | C73: 0071784 | D73: NTW#3 | E73: N2800NP00 | F73: 1 | H73: 5
A74: 2 | C74: 0071799 | D74: บจก.จิงกง | E74: N3200NP00 | F74: 1 | H74: 6
A75: 3 | C75: 0071809 | D75: บจก.จิงกง | E75: N3200NP00 | F75: 1 | H75: 6
A76: 4 | C76: 0071825 | D76: บจก.หู่เฟิง | E76: N3200NP00 | G76: 1 | H76: 3
A77: 5
A78: 6
A79: 7
A80: 8
A81: 9
A82: 10
A83: รวม | F83: =SUM(F73:F82) -> 3 | G83: =SUM(G73:G82) -> 1 | H83: =SUM(H73:H82) -> 20
A84: รวมสุทธิ | F84: =F17+F28+F39+F50+F61+F72+F83 -> 28 | G84: =G17+G28+G39+G50+G61+G72+G83 -> 6 | H84: =H17+H28+H39+H50+H61+H72+H83 -> 172
A85: บริษัท เอ็นเอ็นวาย แมททีเรียลส์ จำกัด
A86: รายงานการวิ่งรถประจำเดือน | F86: =F2 -> เมษายน | G86: ปี | H86: =H2 -> 2569
A87: เบอร์รถ…3... | H87: หน้า | I87: =I3+1 -> 2
A88: ทะเบียนรถ …6003.... | E88: ตั้งแต่วันที่ | F88: =F4 -> 46107 | H88: ถึงวันที่ | I88: =$I$4 -> 46136
A89: ลำดับ | B89: วันที่ | C89: เลขที่เอกสาร | D89: หน่วยงาน | E89: สินค้า | F89: จำนวนเที่ยว | I89: หมายเหตุ
F90: 8.00-17.00 | G90: หลัง 17.00 | H90: (คิว)
A91: 1 | B91: =B73+1 -> 46114 | C91: 0071833 | D91: บจก.หอพักสาย19 | E91: N3801NP04 | F91: 1 | H91: 6
A92: 2 | C92: 0071842 | D92: บจก.หอพักสาย19 | E92: N3801NP04 | F92: 1 | H92: 6
A93: 3 | C93: 0071850 | D93: บจก.หู่เฟิง | E93: N0000NP00 | F93: 1 | H93: 5
A94: 4 | C94: 0071859 | D94: บจก.จิงกง | E94: N3200NP00 | F94: 1 | H94: 5
A95: 5 | C95: 0071883 | D95: บริษัท ทีม ยูเนี่ยน | E95: N3201NP01 | F95: 1 | H95: 6
A96: 6 | C96: 0071893 | D96: บริษัท ทีม ยูเนี่ยน | E96: N3201NP01 | F96: 1 | H96: 6
A97: 7 | C97: 0071903 | D97: บริษัท ทีม ยูเนี่ยน | E97: N3201NP01 | G97: 1 | H97: 6
A98: 8 | C98: 0071912 | D98: บริษัท ทีม ยูเนี่ยน | E98: N3201NP01 | G98: 1 | H98: 6
A99: 9
A100: 10
...

Sheet 4
A1: บริษัท เอ็นเอ็นวาย แมททีเรียลส์ จำกัด
A2: รายงานการวิ่งรถประจำเดือน | F2: ='1'!$F$2 -> เมษายน | G2: ปี | H2: ='1'!$H$2 -> 2569
A3: เบอร์รถ…4.... | H3: หน้า | I3: 1
A4: ทะเบียนรถ …6004.... | E4: ตั้งแต่วันที่ | F4: ='1'!$F$4 -> 46107 | H4: ถึงวันที่ | I4: ='1'!$I$4 -> 46136
A5: ลำดับ | B5: วันที่ | C5: เลขที่เอกสาร | D5: หน่วยงาน | E5: สินค้า | F5: จำนวนเที่ยว | I5: หมายเหตุ
F6: 8.00-17.00 | G6: หลัง 17.00 | H6: (คิว)
A7: 1 | B7: ='3'!B7 -> 46107 | C7: 0071360 | D7: บจก.จิงกง | E7: N2800NP00 | F7: 1 | H7: 3
A8: 2 | C8: 0071392 | D8: บริษัท ทีม ยูเนี่ยน | E8: N3201NP01 | F8: 1 | H8: 6
A9: 3 | C9: 0071402 | D9: บริษัท ทีม ยูเนี่ยน | E9: N3201NP01 | F9: 1 | H9: 6
A10: 4 | C10: 0071413 | D10: บริษัท ทีม ยูเนี่ยน | E10: N3201NP01 | F10: 1 | H10: 6
A11: 5
A12: 6
A13: 7
A14: 8
A15: 9
A16: 10
A17: รวม | F17: =SUM(F7:F16) -> 4 | G17: =SUM(G7:G16) -> 0 | H17: =SUM(H7:H16) -> 21
A18: 1 | B18: =B7+1 -> 46108 | C18: 0071418 | D18: หจก.นัชชา | E18: N2400NP00 | F18: 1 | H18: 5
A19: 2 | C19: 0071431 | D19: บจก.เซล คอนสตรัคชั่น | E19: N3201NP01 | F19: 1 | H19: 5
A20: 3 | C20: 0071445 | D20: บจก.เซล คอนสตรัคชั่น | E20: N3201NP01 | F20: 1 | H20: 5
A21: 4 | C21: 0071463 | D21: บจก.เซล คอนสตรัคชั่น | E21: N3201NP01 | F21: 1 | H21: 5
A22: 5 | C22: 0071478 | D22: บริษัท ทีม ยูเนี่ยน | E22: N3201NP01 | F22: 1 | H22: 6
A23: 6 | C23: 0071491 | D23: บริษัท ทีม ยูเนี่ยน | E23: N3201NP01 | G23: 1 | H23: 6
A24: 7 | C24: 0071503 | D24: บจก.เซล คอนสตรัคชั่น | E24: N3201NP01 | G24: 1 | H24: 6
A25: 8
A26: 9
A27: 10
A28: รวม | F28: =SUM(F18:F27) -> 5 | G28: =SUM(G18:G27) -> 2 | H28: =SUM(H18:H27) -> 38
A29: 1 | B29: =B18+1 -> 46109 | C29: 0071516 | D29: NTW#3 | E29: N2800NP00 | F29: 1 | H29: 2.5
A30: 2 | C30: 0071537 | D30: บจก.ชัชนา | E30: N2400NP00 | F30: 1 | H30: 5.5
A31: 3 | C31: 0071548 | D31: ZHC | E31: N3801NP01 | F31: 1 | H31: 3.25
A32: 4
A33: 5
A34: 6
A35: 7
A36: 8
A37: 9
A38: 10
A39: รวม | F39: =SUM(F29:F38) -> 3 | G39: =SUM(G29:G38) -> 0 | H39: =SUM(H29:H38) -> 11.25
A40: 1 | B40: =B29+1 -> 46110 | C40: 0071557 | D40: บจก.หงส์อัน | E40: N3200NP00 | F40: 1 | H40: 6
A41: 2 | C41: 0071567 | D41: บจก.เซล คอนสตรัคชั่น | E41: N3201NP01 | F41: 1 | H41: 5.5
A42: 3 | C42: 0071576 | D42: บจก.เซล คอนสตรัคชั่น | E42: N3201NP01 | F42: 1 | H42: 5.5
A43: 4 | C43: 0071587 | D43: ZHC | E43: N3801NP01 | F43: 1 | H43: 3.5
A44: 5 | C44: 0071602 | D44: บจก.หงส์อัน | E44: N3200NP00 | F44: 1 | H44: 6
A45: 6 | C45: 0071661 | D45: บจก.หงส์อัน | E45: N3200NP00 | F45: 1 | H45: 6
A46: 7 | C46: 0071621 | D46: บจก.หงส์อัน | E46: N3200NP00 | G46: 1 | H46: 6
A47: 8
A48: 9
A49: 10
A50: รวม | F50: =SUM(F40:F49) -> 6 | G50: =SUM(G40:G49) -> 1 | H50: =SUM(H40:H49) -> 38.5
A51: 1 | B51: =B40+1 -> 46111 | C51: 0071626 | D51: บริษัท ทีม ยูเนี่ยน | E51: N3200NP00 | F51: 1 | H51: 3
A52: 2 | C52: 0071641 | D52: หจก.นัชชา | E52: N2400NP00 | F52: 1 | H52: 5
A53: 3 | C53: 0071647 | D53: บริษัท ทีม ยูเนี่ยน | E53: N3201NP01 | F53: 1 | H53: 6
A54: 4 | C54: 0071658 | D54: บริษัท ทีม ยูเนี่ยน | E54: N3201NP01 | F54: 1 | H54: 6
A55: 5 | C55: 0071668 | D55: บริษัท ทีม ยูเนี่ยน | E55: N3201NP01 | F55: 1 | H55: 6
A56: 6 | C56: 0071679 | D56: บริษัท ทีม ยูเนี่ยน | E56: N3201NP01 | F56: 1 | H56: 6
A57: 7 | C57: 0071689 | D57: บจก.วิธา | E57: N2400WP00 | F57: 1 | H57: 4.5
A58: 8 | C58: 0071702 | D58: บจก.เฟยจิน | E58: N3200NP00 | G58: 1 | H58: 2
A59: 9
A60: 10
A61: รวม | F61: =SUM(F51:F60) -> 7 | G61: =SUM(G51:G60) -> 1 | H61: =SUM(H51:H60) -> 38.5
A62: 1 | B62: =B51+1 -> 46112 | C62: 0071710 | D62: บจก.เอ็นวี | E62: N3200NP00 | F62: 1 | H62: 6
A63: 2 | C63: 0071720 | D63: บจก.หลู่ไท่ | E63: N3200NP00 | F63: 1 | H63: 6
A64: 3 | C64: 0071729 | D64: บจก.เอ็นวี | E64: N3200NP00 | F64: 1 | H64: 5
A65: 4 | C65: 0071740 | D65: NTW#2 | E65: N3202NP01 | F65: 1 | H65: 6
A66: 5 | C66: 0071748 | D66: NTW#2 | E66: N3202NP01 | F66: 1 | H66: 6
A67: 6 | C67: 0071758 | D67: บริษัท ทีม ยูเนี่ยน | E67: N3201NP01 | F67: 1 | H67: 6
A68: 7
A69: 8
A70: 9
A71: 10
A72: รวม | F72: =SUM(F62:F71) -> 6 | G72: =SUM(G62:G71) -> 0 | H72: =SUM(H62:H71) -> 35
A73: 1 | B73: =B62+1 -> 46113 | C73: 0071785 | D73: บจก.จิงกง | E73: N3200NP00 | F73: 1 | H73: 6
A74: 2 | C74: 0071793 | D74: บจก.จิงกง | E74: N3200NP00 | F74: 1 | H74: 6
A75: 3 | C75: 0071803 | D75: NTW#2 | E75: N3202NP01 | F75: 1 | H75: 6
A76: 4 | C76: 0071813 | D76: บจก.ไทย สตีล | E76: N3200NP00 | F76: 1 | H76: 5
A77: 5 | C77: 0071820 | D77: บจก.เอ็นวี | E77: N0000NP00 | F77: 1 | H77: 4
A78: 6
A79: 7
A80: 8
A81: 9
A82: 10
A83: รวม | F83: =SUM(F73:F82) -> 5 | G83: =SUM(G73:G82) -> 0 | H83: =SUM(H73:H82) -> 27
A84: รวมสุทธิ | F84: =F17+F28+F39+F50+F61+F72+F83 -> 36 | G84: =G17+G28+G39+G50+G61+G72+G83 -> 4 | H84: =H17+H28+H39+H50+H61+H72+H83 -> 209.25
A85: บริษัท เอ็นเอ็นวาย แมททีเรียลส์ จำกัด
A86: รายงานการวิ่งรถประจำเดือน | F86: =F2 -> เมษายน | G86: ปี | H86: =H2 -> 2569
A87: เบอร์รถ…4.... | H87: หน้า | I87: =I3+1 -> 2
A88: ทะเบียนรถ …6004.... | E88: ตั้งแต่วันที่ | F88: =F4 -> 46107 | H88: ถึงวันที่ | I88: =I4 -> 46136
A89: ลำดับ | B89: วันที่ | C89: เลขที่เอกสาร | D89: หน่วยงาน | E89: สินค้า | F89: จำนวนเที่ยว | I89: หมายเหตุ
F90: 8.00-17.00 | G90: หลัง 17.00 | H90: (คิว)
A91: 1 | B91: =B73+1 -> 46114 | C91: 0071834 | D91: บจก.หอพักสาย19 | E91: N3801NP04 | F91: 1 | H91: 6
A92: 2 | C92: 0071843 | D92: บจก.หอพักสาย19 | E92: N3801NP04 | F92: 1 | H92: 6
A93: 3 | C93: 0071851 | D93: บจก.หู่เฟิง | E93: N0000NP00 | F93: 1 | H93: 5
A94: 4 | C94: 0071860 | D94: NTW#3 | E94: N3202NP01 | F94: 1 | H94: 6
A95: 5 | C95: 0071872 | D95: บริษัท ทีม ยูเนี่ยน | E95: N3201NP01 | F95: 1 | H95: 6
A96: 6 | C96: 0071886 | D96: บริษัท ทีม ยูเนี่ยน | E96: N3201NP01 | F96: 1 | H96: 6
A97: 7 | C97: 0071896 | D97: NTW#3 | E97: N2400NP00 | G97: 1 | H97: 6
A98: 8 | C98: 0071909 | D98: บริษัท ทีม ยูเนี่ยน | E98: N3201NP01 | G98: 1 | H98: 6
A99: 9
A100: 10
...

Sheet 5
A1: บริษัท เอ็นเอ็นวาย แมททีเรียลส์ จำกัด
A2: รายงานการวิ่งรถประจำเดือน | F2: ='1'!$F$2 -> เมษายน | G2: ปี | H2: ='1'!$H$2 -> 2569
A3: เบอร์รถ….5...... | H3: หน้า | I3: 1
A4: ทะเบียนรถ ….6005..... | E4: ตั้งแต่วันที่ | F4: ='1'!$F$4 -> 46107 | H4: ถึงวันที่ | I4: ='1'!$I$4 -> 46136
A5: ลำดับ | B5: วันที่ | C5: เลขที่เอกสาร | D5: หน่วยงาน | E5: สินค้า | F5: จำนวนเที่ยว | I5: หมายเหตุ
F6: 8.00-17.00 | G6: หลัง 17.00 | H6: (คิว)
A7: 1 | B7: ='4'!B7 -> 46107 | C7: 0071361 | D7: บจก.เอ็นวี | E7: N3200NP00 | F7: 1 | H7: 6
A8: 2 | C8: 0071371 | D8: กวิน อ้นขวัญเมือง | E8: N2400NP00 | F8: 1 | H8: 3
A9: 3 | C9: 0071383 | D9: บริษัท ทีม ยูเนี่ยน | E9: N3201NP01 | F9: 1 | H9: 6
A10: 4 | C10: 0071394 | D10: บริษัท ทีม ยูเนี่ยน | E10: N3201NP01 | F10: 1 | H10: 6
A11: 5 | C11: 0071405 | D11: บริษัท ทีม ยูเนี่ยน | E11: N3201NP01 | F11: 1 | H11: 6
A12: 6
A13: 7
A14: 8
A15: 9
A16: 10
A17: รวม | F17: =SUM(F7:F16) -> 5 | G17: =SUM(G7:G16) -> 0 | H17: =SUM(H7:H16) -> 27
A18: 1 | B18: =B7+1 -> 46108 | C18: 0071419 | D18: หจก.นัชชา | E18: N2400NP00 | F18: 1 | H18: 5
A19: 2 | C19: 0071432 | D19: บจก.เซล คอนสตรัคชั่น | E19: N3201NP01 | F19: 1 | H19: 5
A20: 3 | C20: 0071446 | D20: บริษัท ทีม ยูเนี่ยน | E20: N3201NP01 | F20: 1 | H20: 6
A21: 4 | C21: 0071457 | D21: บริษัท ทีม ยูเนี่ยน | E21: N3201NP01 | F21: 1 | H21: 6
A22: 5 | C22: 0071471 | D22: บริษัท ทีม ยูเนี่ยน | E22: N3201NP01 | F22: 1 | H22: 6
A23: 6 | C23: 0071484 | D23: บจก.เซล คอนสตรัคชั่น | E23: N3201NP01 | F23: 1 | H23: 6
A24: 7 | C24: 0071513 | D24: บริษัท ทีม ยูเนี่ยน | E24: N3201NP01 | G24: 1 | H24: 6
A25: 8
A26: 9
A27: 10
A28: รวม | F28: =SUM(F18:F27) -> 6 | G28: =SUM(G18:G27) -> 1 | H28: =SUM(H18:H27) -> 40
A29: 1 | B29: =B18+1 -> 46109 | C29: 0071517 | D29: หจก.นัชชา | E29: N2400NP00 | F29: 1 | H29: 5
A30: 2 | C30: 0071529 | D30: หจก.นัชชา | E30: N2400NP00 | F30: 1 | H30: 5
A31: 3 | C31: 0071544 | D31: NTW#2 | E31: N1800NP00 | F31: 1 | H31: 4
A32: 4
A33: 5
A34: 6
A35: 7
A36: 8
A37: 9
A38: 10
A39: รวม | F39: =SUM(F29:F38) -> 3 | G39: =SUM(G29:G38) -> 0 | H39: =SUM(H29:H38) -> 14
A40: 1 | B40: =B29+1 -> 46110 | C40: 0071558 | D40: บจก.หงส์อัน | E40: N3200NP00 | F40: 1 | H40: 6
A41: 2 | C41: 0071569 | D41: บจก.เซล คอนสตรัคชั่น | E41: N3201NP01 | F41: 1 | H41: 5.5
A42: 3 | C42: 0071581 | D42: บจก.เซล คอนสตรัคชั่น | E42: N3201NP01 | F42: 1 | H42: 5.5
A43: 4 | C43: 0071594 | D43: บจก.เซล คอนสตรัคชั่น | E43: N3201NP01 | F43: 1 | H43: 5.5
A44: 5 | C44: 0071604 | D44: บจก.เซล คอนสตรัคชั่น | E44: N3201NP01 | F44: 1 | H44: 6
A45: 6 | C45: 0071614 | D45: บจก.หู่เฟิง | E45: N3200NP00 | G45: 1 | H45: 4
A46: 7
A47: 8
A48: 9
A49: 10
A50: รวม | F50: =SUM(F40:F49) -> 5 | G50: =SUM(G40:G49) -> 1 | H50: =SUM(H40:H49) -> 32.5
A51: 1 | B51: =B40+1 -> 46111 | C51: 0071636 | D51: บริษัท ทีม ยูเนี่ยน | E51: N0000NP05 | F51: 1 | H51: 1
A52: 2 | C52: 0071646 | D52: บริษัท ทีม ยูเนี่ยน | E52: N3201NP01 | F52: 1 | H52: 6
A53: 3 | C53: 0071657 | D53: บริษัท ทีม ยูเนี่ยน | E53: N3201NP01 | F53: 1 | H53: 6
A54: 4 | C54: 0071667 | D54: บริษัท ทีม ยูเนี่ยน | E54: N3201NP01 | F54: 1 | H54: 6
A55: 5 | C55: 0071678 | D55: บริษัท ทีม ยูเนี่ยน | E55: N3201NP01 | F55: 1 | H55: 6
A56: 6 | C56: 0071688 | D56: บริษัท ทีม ยูเนี่ยน | E56: N1800NP00 | F56: 1 | H56: 3.5
A57: 7
A58: 8
A59: 9
A60: 10
A61: รวม | F61: =SUM(F51:F60) -> 6 | G61: =SUM(G51:G60) -> 0 | H61: =SUM(H51:H60) -> 28.5
A62: 1 | B62: =B51+1 -> 46112 | C62: 0071711 | D62: บจก.หลู่ไท่ | E62: N3200NP00 | F62: 1 | H62: 6
A63: 2 | C63: 0071770 | D63: บริษัท ทีม ยูเนี่ยน | E63: N3201NP01 | G63: 1 | H63: 6
A64: 3 | C64: 0071779 | D64: บริษัท ทีม ยูเนี่ยน | E64: N3201NP01 | G64: 1 | H64: 3
A65: 4
A66: 5
A67: 6
A68: 7
A69: 8
A70: 9
A71: 10
A72: รวม | F72: =SUM(F62:F71) -> 1 | G72: =SUM(G62:G71) -> 2 | H72: =SUM(H62:H71) -> 15
A73: 1 | B73: =B62+1 -> 46113 | C73: 0071792 | D73: บจก.จิงกง | E73: N3200NP00 | F73: 1 | H73: 6
A74: 2 | C74: 0071802 | D74: บจก.จิงกง | E74: N3200NP00 | F74: 1 | H74: 6
A75: 3 | C75: 0071816 | D75: บริษัท ทีม ยูเนี่ยน | E75: N3200NP00 | F75: 1 | H75: 4
A76: 4
A77: 5
A78: 6
A79: 7
A80: 8
A81: 9
A82: 10
A83: รวม | F83: =SUM(F73:F82) -> 3 | G83: =SUM(G73:G82) -> 0 | H83: =SUM(H73:H82) -> 16
A84: รวมสุทธิ | F84: =F17+F28+F39+F50+F61+F72+F83 -> 29 | G84: =G17+G28+G39+G50+G61+G72+G83 -> 4 | H84: =H17+H28+H39+H50+H61+H72+H83 -> 173
A85: บริษัท เอ็นเอ็นวาย แมททีเรียลส์ จำกัด
A86: รายงานการวิ่งรถประจำเดือน | F86: =F2 -> เมษายน | G86: ปี | H86: =H2 -> 2569
A87: เบอร์รถ….5...... | H87: หน้า | I87: =I3+1 -> 2
A88: ทะเบียนรถ ….6005..... | E88: ตั้งแต่วันที่ | F88: =F4 -> 46107 | H88: ถึงวันที่ | I88: =I4 -> 46136
A89: ลำดับ | B89: วันที่ | C89: เลขที่เอกสาร | D89: หน่วยงาน | E89: สินค้า | F89: จำนวนเที่ยว | I89: หมายเหตุ
F90: 8.00-17.00 | G90: หลัง 17.00 | H90: (คิว)
A91: 1 | B91: =B73+1 -> 46114 | C91: 0071829 | D91: บจก.จิงกง | E91: N3200NP00 | F91: 1 | H91: 5
A92: 2 | C92: 0071855 | D92: บริษัท ทีม ยูเนี่ยน | E92: N3201NP01 | F92: 1 | H92: 6
A93: 3 | C93: 0071866 | D93: บริษัท ทีม ยูเนี่ยน | E93: N3201NP01 | F93: 1 | H93: 6
A94: 4 | C94: 0071881 | D94: บริษัท ทีม ยูเนี่ยน | E94: N3201NP01 | F94: 1 | H94: 6
A95: 5 | C95: 0071892 | D95: บริษัท ทีม ยูเนี่ยน | E95: N3201NP01 | F95: 1 | H95: 6
A96: 6 | C96: 0071901 | D96: บริษัท ทีม ยูเนี่ยน | E96: N3201NP01 | G96: 1 | H96: 6
A97: 7 | C97: 0071910 | D97: บริษัท ทีม ยูเนี่ยน | E97: N3201NP01 | G97: 1 | H97: 6
A98: 8
A99: 9
A100: 10
...

Sheet 6
A1: บริษัท เอ็นเอ็นวาย แมททีเรียลส์ จำกัด
A2: รายงานการวิ่งรถประจำเดือน | F2: ='1'!$F$2 -> เมษายน | G2: ปี | H2: ='1'!$H$2 -> 2569
A3: เบอร์รถ…6.... | H3: หน้า | I3: 1
A4: ทะเบียนรถ …6006.... | E4: ตั้งแต่วันที่ | F4: ='1'!$F$4 -> 46107 | H4: ถึงวันที่ | I4: ='1'!$I$4 -> 46136
A5: ลำดับ | B5: วันที่ | C5: เลขที่เอกสาร | D5: หน่วยงาน | E5: สินค้า | F5: จำนวนเที่ยว | I5: หมายเหตุ
F6: 8.00-17.00 | G6: หลัง 17.00 | H6: (คิว)
A7: 1 | B7: ='5'!B7 -> 46107
A8: 2
A9: 3
A10: 4
A11: 5
A12: 6
A13: 7
A14: 8
A15: 9
A16: 10
A17: รวม | F17: =SUM(F7:F16) -> 0 | G17: =SUM(G7:G16) -> 0 | H17: =SUM(H7:H16) -> 0
A18: 1 | B18: =B7+1 -> 46108 | C18: 0071420 | D18: บริษัท โหลงไท่ | E18: N0000NP05 | F18: 1 | H18: 5
A19: 2 | C19: 0071436 | D19: บจก.เซล คอนสตรัคชั่น | E19: N3201NP01 | F19: 1 | H19: 5
A20: 3 | C20: 0071450 | D20: บจก.ชัชนา | E20: N2400NP00 | F20: 1 | H20: 5.5
A21: 4 | C21: 0071467 | D21: บริษัท ทีม ยูเนี่ยน | E21: N3201NP01 | F21: 1 | H21: 6
A22: 5 | C22: 0071479 | D22: บริษัท ทีม ยูเนี่ยน | E22: N3201NP01 | F22: 1 | H22: 6
A23: 6 | C23: 0071494 | D23: บจก.เซล คอนสตรัคชั่น | E23: N3201NP01 | G23: 1 | H23: 6
A24: 7 | C24: 0071507 | D24: บริษัท ทีม ยูเนี่ยน | E24: N3201NP01 | G24: 1 | H24: 6
A25: 8
A26: 9
A27: 10
A28: รวม | F28: =SUM(F18:F27) -> 5 | G28: =SUM(G18:G27) -> 2 | H28: =SUM(H18:H27) -> 39.5
A29: 1 | B29: =B18+1 -> 46109 | C29: 0071518 | D29: หจก.นัชชา | E29: N2400NP00 | F29: 1 | H29: 5
A30: 2 | C30: 0071530 | D30: บจก.ปิยะมณี | E30: N3000NP00 | F30: 1 | H30: 4
A31: 3 | C31: 0071549 | D31: บจก.หลู่ไท่ | E31: N3200NP00 | F31: 1 | H31: 5
A32: 4
A33: 5
A34: 6
A35: 7
A36: 8
A37: 9
A38: 10
A39: รวม | F39: =SUM(F29:F38) -> 3 | G39: =SUM(G29:G38) -> 0 | H39: =SUM(H29:H38) -> 14
A40: 1 | B40: =B29+1 -> 46110 | C40: 0071559 | D40: บจก.หงส์อัน | E40: N3200NP00 | F40: 1 | H40: 6
A41: 2 | C41: 0071572 | D41: บจก.หู่เฟิง | E41: N0000NP00 | F41: 1 | H41: 5
A42: 3 | C42: 0071584 | D42: บจก.เซล คอนสตรัคชั่น | E42: N3201NP01 | F42: 1 | H42: 5.5
A43: 4 | C43: 0071597 | D43: บจก.เซล คอนสตรัคชั่น | E43: N3201NP01 | F43: 1 | H43: 6
A44: 5 | C44: 0071607 | D44: บจก.เซล คอนสตรัคชั่น | E44: N3201NP01 | F44: 1 | H44: 5.5
A45: 6 | C45: 0071617 | D45: ธนกร ศรีพุทธา | E45: N3000NP00 | G45: 1 | H45: 2.5
A46: 7
A47: 8
A48: 9
A49: 10
A50: รวม | F50: =SUM(F40:F49) -> 5 | G50: =SUM(G40:G49) -> 1 | H50: =SUM(H40:H49) -> 30.5
A51: 1 | B51: =B40+1 -> 46111 | C51: 0071627 | D51: NTW#2 | E51: N3202NP01 | F51: 1 | H51: 6
A52: 2 | C52: 0071638 | D52: บริษัท ทีม ยูเนี่ยน | E52: N3201NP01 | F52: 1 | H52: 6
A53: 3 | C53: 0071649 | D53: NTW#3 | E53: N3202NP01 | F53: 1 | H53: 6
A54: 4 | C54: 0071671 | D54: บริษัท ทีม ยูเนี่ยน | E54: N3201NP01 | F54: 1 | H54: 6
A55: 5 | C55: 0071681 | D55: บริษัท ทีม ยูเนี่ยน | E55: N3201NP01 | F55: 1 | H55: 6
A56: 6 | C56: 0071695 | D56: บจก.หู่เฟิง | E56: N0000NP00 | G56: 1 | H56: 5
A57: 7
A58: 8
A59: 9
A60: 10
A61: รวม | F61: =SUM(F51:F60) -> 5 | G61: =SUM(G51:G60) -> 1 | H61: =SUM(H51:H60) -> 35
A62: 1 | B62: =B51+1 -> 46112 | C62: 0071712 | D62: บจก.หลู่ไท่ | E62: N3200NP00 | F62: 1 | H62: 6
A63: 2 | C63: 0071724 | D63: บจก.หลู่ไท่ | E63: N3200NP00 | F63: 1 | H63: 6
A64: 3 | C64: 0071731 | D64: NTW#2 | E64: N3201WP01 | F64: 1 | H64: 5
A65: 4 | C65: 0071742 | D65: บริษัท ทีม ยูเนี่ยน | E65: N3201NP01 | F65: 1 | H65: 6
A66: 5 | C66: 0071754 | D66: NTW#2 | E66: N3202NP01 | F66: 1 | H66: 6
A67: 6 | C67: 0071761 | D67: บริษัท ทีม ยูเนี่ยน | E67: N3201NP01 | F67: 1 | H67: 6
A68: 7 | C68: 0071773 | D68: บริษัท ทีม ยูเนี่ยน | E68: N3201NP01 | G68: 1 | H68: 6
A69: 8
A70: 9
A71: 10
A72: รวม | F72: =SUM(F62:F71) -> 6 | G72: =SUM(G62:G71) -> 1 | H72: =SUM(H62:H71) -> 41
A73: 1 | B73: =B62+1 -> 46113 | C73: 0071786 | D73: บจก.จิงกง | E73: N3200NP00 | F73: 1 | H73: 6
A74: 2 | C74: 0071795 | D74: บจก.เฟยจิน | E74: N2400NP00 | F74: 1 | H74: 4
A75: 3 | C75: 0071810 | D75: บจก.ไทย สตีล | E75: N3200NP00 | F75: 1 | H75: 5
A76: 4 | C76: 0071819 | D76: บจก.จิงกง | E76: N3200NP00 | F76: 1 | H76: 4
A77: 5 | C77: 0071827 | D77: บจก.หู่เฟิง | E77: N3200WP00 | G77: 1 | H77: 4
A78: 6
A79: 7
A80: 8
A81: 9
A82: 10
A83: รวม | F83: =SUM(F73:F82) -> 4 | G83: =SUM(G73:G82) -> 1 | H83: =SUM(H73:H82) -> 23
A84: รวมสุทธิ | F84: =F17+F28+F39+F50+F61+F72+F83 -> 28 | G84: =G17+G28+G39+G50+G61+G72+G83 -> 6 | H84: =H17+H28+H39+H50+H61+H72+H83 -> 183
A85: บริษัท เอ็นเอ็นวาย แมททีเรียลส์ จำกัด
A86: รายงานการวิ่งรถประจำเดือน | F86: =F2 -> เมษายน | G86: ปี | H86: =H2 -> 2569
A87: เบอร์รถ…6.... | H87: หน้า | I87: =I3+1 -> 2
A88: ทะเบียนรถ …6006 .... | E88: ตั้งแต่วันที่ | F88: =F4 -> 46107 | H88: ถึงวันที่ | I88: =I4 -> 46136
A89: ลำดับ | B89: วันที่ | C89: เลขที่เอกสาร | D89: หน่วยงาน | E89: สินค้า | F89: จำนวนเที่ยว | I89: หมายเหตุ
F90: 8.00-17.00 | G90: หลัง 17.00 | H90: (คิว)
A91: 1 | B91: =B73+1 -> 46114
A92: 2
A93: 3
A94: 4
A95: 5
A96: 6
A97: 7
A98: 8
A99: 9
A100: 10
...

Sheet 7
A1: บริษัท เอ็นเอ็นวาย แมททีเรียลส์ จำกัด
A2: รายงานการวิ่งรถประจำเดือน | F2: ='1'!$F$2 -> เมษายน | G2: ปี | H2: ='1'!$H$2 -> 2569
A3: เบอร์รถ…6007.... | H3: หน้า | I3: 1
A4: ทะเบียนรถ …6007 ... | E4: ตั้งแต่วันที่ | F4: ='1'!$F$4 -> 46107 | H4: ถึงวันที่ | I4: ='1'!$I$4 -> 46136
A5: ลำดับ | B5: วันที่ | C5: เลขที่เอกสาร | D5: หน่วยงาน | E5: สินค้า | F5: จำนวนเที่ยว | I5: หมายเหตุ
F6: 8.00-17.00 | G6: หลัง 17.00 | H6: (คิว)
A7: 1 | B7: ='6'!B7 -> 46107 | C7: 0071362 | D7: บจก.เอ็นวี | E7: N3200NP00 | F7: 1 | H7: 6
A8: 2 | C8: 0071373 | D8: บจก.หู่เฟิง | E8: N3200NP00 | F8: 1 | H8: 5
A9: 3 | C9: 0071386 | D9: NTW#2 | E9: N1800NP00 | F9: 1 | H9: 5
A10: 4 | C10: 0071399 | D10: บริษัท ทีม ยูเนี่ยน | E10: N3201NP01 | F10: 1 | H10: 6
A11: 5 | C11: 0071409 | D11: บจก.หอพักสาย19 | E11: N3201NP01 | F11: 1 | H11: 5
A12: 6
A13: 7
A14: 8
A15: 9
A16: 10
A17: รวม | F17: =SUM(F7:F16) -> 5 | G17: =SUM(G7:G16) -> 0 | H17: =SUM(H7:H16) -> 27
A18: 1 | B18: =B7+1 -> 46108 | C18: 0071421 | D18: บจก.สุขนภา | E18: N2400NP00 | F18: 1 | H18: 5
A19: 2 | C19: 0071430 | D19: บจก.เซล คอนสตรัคชั่น | E19: N0000NP05 | F19: 1 | H19: 1
A20: 3 | C20: 0071444 | D20: บริษัท ทีม ยูเนี่ยน | E20: N3201NP01 | F20: 1 | H20: 6
A21: 4 | C21: 0071454 | D21: บจก.เซล คอนสตรัคชั่น | E21: N3201NP01 | F21: 1 | H21: 5
A22: 5 | C22: 0071474 | D22: บริษัท ทีม ยูเนี่ยน | E22: N3201NP01 | F22: 1 | H22: 6
A23: 6 | C23: 0071487 | D23: บจก.เซล คอนสตรัคชั่น | E23: N3201NP01 | G23: 1 | H23: 6
A24: 7 | C24: 0071497 | D24: บริษัท ทีม ยูเนี่ยน | E24: N3201NP01 | G24: 1 | H24: 6
A25: 8 | C25: 0071509 | D25: บริษัท ทีม ยูเนี่ยน | E25: N3201NP01 | G25: 1 | H25: 6
A26: 9
A27: 10
A28: รวม | F28: =SUM(F18:F27) -> 5 | G28: =SUM(G18:G27) -> 3 | H28: =SUM(H18:H27) -> 41
A29: 1 | B29: =B18+1 -> 46109
A30: 2
A31: 3
A32: 4
A33: 5
A34: 6
A35: 7
A36: 8
A37: 9
A38: 10
A39: รวม | F39: =SUM(F29:F38) -> 0 | G39: =SUM(G29:G38) -> 0 | H39: =SUM(H29:H38) -> 0
A40: 1 | B40: =B29+1 -> 46110
A41: 2
A42: 3
A43: 4
A44: 5
A45: 6
A46: 7
A47: 8
A48: 9
A49: 10
A50: รวม | F50: =SUM(F40:F49) -> 0 | G50: =SUM(G40:G49) -> 0 | H50: =SUM(H40:H49) -> 0
A51: 1 | B51: =B40+1 -> 46111 | C51: 0071628 | D51: NTW#3 | E51: N3202NP01 | F51: 1 | H51: 6
A52: 2 | C52: 0071642 | D52: บริษัท ทีม ยูเนี่ยน | E52: N3201NP01 | F52: 1 | H52: 6
A53: 3 | C53: 0071653 | D53: บริษัท ทีม ยูเนี่ยน | E53: N3201NP01 | F53: 1 | H53: 6
A54: 4 | C54: 0071663 | D54: บจก.ช.วิรัตน์ | E54: N2400NP00 | F54: 1 | H54: 4
A55: 5 | C55: 0071670 | D55: บริษัท ทีม ยูเนี่ยน | E55: N1800NP00 | F55: 1 | H55: 6
A56: 6 | C56: 0071686 | D56: บจก.วิธา | E56: N2400WP00 | F56: 1 | H56: 4.5
A57: 7 | C57: 0071693 | D57: บจก.จิงกง | E57: N3200NP00 | G57: 1 | H57: 6
A58: 8
A59: 9
A60: 10
A61: รวม | F61: =SUM(F51:F60) -> 6 | G61: =SUM(G51:G60) -> 1 | H61: =SUM(H51:H60) -> 38.5
A62: 1 | B62: =B51+1 -> 46112 | C62: 0071714 | D62: บจก.หลู่ไท่ | E62: N3200NP00 | F62: 1 | H62: 6
A63: 2 | C63: 0071725 | D63: บจก.หู่เฟิง | E63: N3200NP00 | F63: 1 | H63: 1.5
A64: 3 | C64: 0071736 | D64: บริษัท ทีม ยูเนี่ยน | E64: N3201NP01 | F64: 1 | H64: 6
A65: 4 | C65: 0071747 | D65: NTW#2 | E65: N3202NP01 | F65: 1 | H65: 6
A66: 5 | C66: 0071756 | D66: บริษัท ทีม ยูเนี่ยน | E66: N3201NP01 | F66: 1 | H66: 6
A67: 6 | C67: 0071767 | D67: บริษัท ทีม ยูเนี่ยน | E67: N3201NP01 | F67: 1 | H67: 6
A68: 7 | C68: 0071776 | D68: บริษัท ทีม ยูเนี่ยน | E68: N3201NP01 | G68: 1 | H68: 6
A69: 8
A70: 9
A71: 10
A72: รวม | F72: =SUM(F62:F71) -> 6 | G72: =SUM(G62:G71) -> 1 | H72: =SUM(H62:H71) -> 37.5
A73: 1 | B73: =B62+1 -> 46113 | C73: 0071787 | D73: บจก.จิงกง | E73: N3200NP00 | F73: 1 | H73: 6
A74: 2 | C74: 0071796 | D74: NTW#3 | E74: N3200NP00 | F74: 1 | H74: 2
A75: 3 | C75: 0071806 | D75: NTW#2 | E75: N3202NP01 | F75: 1 | H75: 6
A76: 4 | C76: 0071814 | D76: บจก.ไทย สตีล | E76: N3200NP00 | F76: 1 | H76: 5
A77: 5
A78: 6
A79: 7
A80: 8
A81: 9
A82: 10
A83: รวม | F83: =SUM(F73:F82) -> 4 | G83: =SUM(G73:G82) -> 0 | H83: =SUM(H73:H82) -> 19
A84: รวมสุทธิ | F84: =F17+F28+F39+F50+F61+F72+F83 -> 26 | G84: =G17+G28+G39+G50+G61+G72+G83 -> 5 | H84: =H17+H28+H39+H50+H61+H72+H83 -> 163
A85: บริษัท เอ็นเอ็นวาย แมททีเรียลส์ จำกัด
A86: รายงานการวิ่งรถประจำเดือน | F86: =F2 -> เมษายน | G86: ปี | H86: =H2 -> 2569
A87: เบอร์รถ…6007.... | H87: หน้า | I87: =I3+1 -> 2
A88: ทะเบียนรถ …6007... | E88: ตั้งแต่วันที่ | F88: =F4 -> 46107 | H88: ถึงวันที่ | I88: =I4 -> 46136
A89: ลำดับ | B89: วันที่ | C89: เลขที่เอกสาร | D89: หน่วยงาน | E89: สินค้า | F89: จำนวนเที่ยว | I89: หมายเหตุ
F90: 8.00-17.00 | G90: หลัง 17.00 | H90: (คิว)
A91: 1 | B91: =B73+1 -> 46114 | C91: 0071835 | D91: บจก.หอพักสาย19 | E91: N3801NP04 | F91: 1 | H91: 6
A92: 2 | C92: 0071844 | D92: บจก.วิธา | E92: N2400NP00 | F92: 1 | H92: 3
A93: 3 | C93: 0071858 | D93: บริษัท ทีม ยูเนี่ยน | E93: N3201NP01 | F93: 1 | H93: 6
A94: 4 | C94: 0071869 | D94: บริษัท ทีม ยูเนี่ยน | E94: N3201NP01 | F94: 1 | H94: 6
A95: 5 | C95: 0071879 | D95: บริษัท ทีม ยูเนี่ยน | E95: N3201NP01 | F95: 1 | H95: 6
A96: 6 | C96: 0071890 | D96: บริษัท ทีม ยูเนี่ยน | E96: N3201NP01 | F96: 1 | H96: 6
A97: 7 | C97: 0071900 | D97: บริษัท ทีม ยูเนี่ยน | E97: N3201NP01 | G97: 1 | H97: 6
A98: 8 | C98: 0071908 | D98: บริษัท ทีม ยูเนี่ยน | E98: N3201NP01 | G98: 1 | H98: 6
A99: 9
A100: 10
...

Sheet 8
A1: บริษัท เอ็นเอ็นวาย แมททีเรียลส์ จำกัด
A2: รายงานการวิ่งรถประจำเดือน | F2: ='1'!$F$2 -> เมษายน | G2: ปี | H2: ='1'!$H$2 -> 2569
A3: เบอร์รถ…8... | H3: หน้า | I3: 1
A4: ทะเบียนรถ …6008 .... | E4: ตั้งแต่วันที่ | F4: ='1'!$F$4 -> 46107 | H4: ถึงวันที่ | I4: ='1'!$I$4 -> 46136
A5: ลำดับ | B5: วันที่ | C5: เลขที่เอกสาร | D5: หน่วยงาน | E5: สินค้า | F5: จำนวนเที่ยว | I5: หมายเหตุ
F6: 8.00-17.00 | G6: หลัง 17.00 | H6: (คิว)
A7: 1 | B7: ='7'!B7 -> 46107 | C7: 0071363 | D7: บจก.เอ็นวี | E7: N3200NP00 | F7: 1 | H7: 6
A8: 2 | C8: 0071372 | D8: บริษัท โหลงไท่ | E8: N3200NP00 | F8: 1 | H8: 2.5
A9: 3 | C9: 0071379 | D9: บริษัท ทีม ยูเนี่ยน | E9: N3201NP01 | F9: 1 | H9: 6
A10: 4 | C10: 0071390 | D10: บจก.จิงกง | E10: N1800NP00 | F10: 1 | H10: 5
A11: 5 | C11: 0071412 | D11: บริษัท ทีม ยูเนี่ยน | E11: N3201NP01 | F11: 1 | H11: 6
A12: 6
A13: 7
A14: 8
A15: 9
A16: 10
A17: รวม | F17: =SUM(F7:F16) -> 5 | G17: =SUM(G7:G16) -> 0 | H17: =SUM(H7:H16) -> 25.5
A18: 1 | B18: =B7+1 -> 46108 | C18: 0071422 | D18: บจก.สุขนภา | E18: N2400NP00 | F18: 1 | H18: 5
A19: 2 | C19: 0071433 | D19: บจก.เซล คอนสตรัคชั่น | E19: N3201NP01 | F19: 1 | H19: 5
A20: 3 | C20: 0071447 | D20: บริษัท ทีม ยูเนี่ยน | E20: N3201NP01 | F20: 1 | H20: 6
A21: 4 | C21: 0071460 | D21: บริษัท ทีม ยูเนี่ยน | E21: N3201NP01 | F21: 1 | H21: 6
A22: 5 | C22: 0071472 | D22: บจก.เซล คอนสตรัคชั่น | E22: N3201NP01 | F22: 1 | H22: 5
A23: 6 | C23: 0071485 | D23: บริษัท ทีม ยูเนี่ยน | E23: N3201NP01 | F23: 1 | H23: 6
A24: 7 | C24: 0071499 | D24: บจก.เซล คอนสตรัคชั่น | E24: N3201NP01 | G24: 1 | H24: 6
A25: 8 | C25: 0071511 | D25: บจก.เซล คอนสตรัคชั่น | E25: N3201NP01 | G25: 1 | H25: 6
A26: 9
A27: 10
A28: รวม | F28: =SUM(F18:F27) -> 6 | G28: =SUM(G18:G27) -> 2 | H28: =SUM(H18:H27) -> 45
A29: 1 | B29: =B18+1 -> 46109 | C29: 0071519 | D29: บจก.ช.วิรัตน์ | E29: N2400NP00 | F29: 1 | H29: 3
A30: 2 | C30: 0071534 | D30: บจก.ชัชนา | E30: N2400NP00 | F30: 1 | H30: 5.5
A31: 3 | C31: 0071553 | D31: บจก.หลู่ไท่ | E31: N3200NP00 | G31: 1 | H31: 5.5
A32: 4
A33: 5
A34: 6
A35: 7
A36: 8
A37: 9
A38: 10
A39: รวม | F39: =SUM(F29:F38) -> 2 | G39: =SUM(G29:G38) -> 1 | H39: =SUM(H29:H38) -> 14
A40: 1 | B40: =B29+1 -> 46110 | C40: 0071560 | D40: บจก.หงส์อัน | E40: N3200NP00 | F40: 1 | H40: 6
A41: 2 | C41: 0071577 | D41: บจก.เซล คอนสตรัคชั่น | E41: N3201NP01 | F41: 1 | H41: 5.5
A42: 3 | C42: 0071589 | D42: บริษัท ทีม ยูเนี่ยน | E42: N3200NP00 | F42: 1 | H42: 4.5
A43: 4 | C43: 0071622 | D43: บจก.หงส์อัน | E43: N3200NP00 | G43: 1 | H43: 6
A44: 5
A45: 6
A46: 7
A47: 8
A48: 9
A49: 10
A50: รวม | F50: =SUM(F40:F49) -> 3 | G50: =SUM(G40:G49) -> 1 | H50: =SUM(H40:H49) -> 22
A51: 1 | B51: =B40+1 -> 46111 | C51: 0071629 | D51: NTW#2 | E51: N3202NP01 | F51: 1 | H51: 3
A52: 2 | C52: 0071690 | D52: บจก.วิธา | E52: N2400WP00 | F52: 1 | H52: 4.5
A53: 3
A54: 4
A55: 5
A56: 6
A57: 7
A58: 8
A59: 9
A60: 10
A61: รวม | F61: =SUM(F51:F60) -> 2 | G61: =SUM(G51:G60) -> 0 | H61: =SUM(H51:H60) -> 7.5
A62: 1 | B62: =B51+1 -> 46112 | C62: 0071703 | D62: บจก.หลู่ไท่ | E62: N3200NP00 | F62: 1 | H62: 6
A63: 2 | C63: 0071715 | D63: บจก.ไทย สตีล | E63: N1800NP00 | F63: 1 | H63: 6
A64: 3 | C64: 0071738 | D64: บริษัท ทีม ยูเนี่ยน | E64: N3201NP01 | F64: 1 | H64: 6
A65: 4 | C65: 0071752 | D65: บริษัท ทีม ยูเนี่ยน | E65: N3201NP01 | F65: 1 | H65: 6
A66: 5 | C66: 0071766 | D66: บริษัท ทีม ยูเนี่ยน | E66: N3201NP01 | F66: 1 | H66: 6
A67: 6 | C67: 0071775 | D67: บริษัท ทีม ยูเนี่ยน | E67: N3201NP01 | G67: 1 | H67: 6
A68: 7
A69: 8
A70: 9
A71: 10
A72: รวม | F72: =SUM(F62:F71) -> 5 | G72: =SUM(G62:G71) -> 1 | H72: =SUM(H62:H71) -> 36
A73: 1 | B73: =B62+1 -> 46113 | C73: 0071788 | D73: บจก.จิงกง | E73: N3200NP00 | F73: 1 | H73: 6
A74: 2 | C74: 0071797 | D74: บจก.จิงกง | E74: N3200NP00 | F74: 1 | H74: 6
A75: 3 | C75: 0071807 | D75: บจก.จิงกง | E75: N3200NP00 | F75: 1 | H75: 6
A76: 4 | C76: 0071818 | D76: บจก.จิงกง | E76: N3200NP00 | F76: 1 | H76: 5
A77: 5
A78: 6
A79: 7
A80: 8
A81: 9
A82: 10
A83: รวม | F83: =SUM(F73:F82) -> 4 | G83: =SUM(G73:G82) -> 0 | H83: =SUM(H73:H82) -> 23
A84: รวมสุทธิ | F84: =F17+F28+F39+F50+F61+F72+F83 -> 27 | G84: =G17+G28+G39+G50+G61+G72+G83 -> 5 | H84: =H17+H28+H39+H50+H61+H72+H83 -> 173
A85: บริษัท เอ็นเอ็นวาย แมททีเรียลส์ จำกัด
A86: รายงานการวิ่งรถประจำเดือน | F86: =F2 -> เมษายน | G86: ปี | H86: =H2 -> 2569
A87: เบอร์รถ…8... | H87: หน้า | I87: =I3+1 -> 2
A88: ทะเบียนรถ …6008... | E88: ตั้งแต่วันที่ | F88: =F4 -> 46107 | H88: ถึงวันที่ | I88: =I4 -> 46136
A89: ลำดับ | B89: วันที่ | C89: เลขที่เอกสาร | D89: หน่วยงาน | E89: สินค้า | F89: จำนวนเที่ยว | I89: หมายเหตุ
F90: 8.00-17.00 | G90: หลัง 17.00 | H90: (คิว)
A91: 1 | B91: =B73+1 -> 46114 | C91: 0071836 | D91: บจก.หอพักสาย19 | E91: N3801NP04 | F91: 1 | H91: 6
A92: 2 | C92: 0071845 | D92: บจก.หอพักสาย19 | E92: N3801NP04 | F92: 1 | H92: 6
A93: 3 | C93: 0071852 | D93: บจก.หอพักสาย19 | E93: N3801NP04 | F93: 1 | H93: 5
A94: 4 | C94: 0071865 | D94: บริษัท ทีม ยูเนี่ยน | E94: N3201NP01 | F94: 1 | H94: 6
A95: 5 | C95: 0071874 | D95: NTW#3 | E95: N3202NP01 | F95: 1 | H95: 3
A96: 6 | C96: 0071894 | D96: บริษัท ทีม ยูเนี่ยน | E96: N3201NP01 | F96: 1 | H96: 6
A97: 7 | C97: 0071902 | D97: บริษัท ทีม ยูเนี่ยน | E97: N3201NP01 | G97: 1 | H97: 6
A98: 8 | C98: 0071911 | D98: บจก.ชัชนา | E98: N2400NP00 | G98: 1 | H98: 3
A99: 9
A100: 10
...

Sheet 9
A1: บริษัท เอ็นเอ็นวาย แมททีเรียลส์ จำกัด
A2: รายงานการวิ่งรถประจำเดือน | F2: ='1'!$F$2 -> เมษายน | G2: ปี | H2: ='1'!$H$2 -> 2569
A3: เบอร์รถ…9.... | H3: หน้า | I3: 1
A4: ทะเบียนรถ …6009 .... | E4: ตั้งแต่วันที่ | F4: ='1'!$F$4 -> 46107 | H4: ถึงวันที่ | I4: ='1'!$I$4 -> 46136
A5: ลำดับ | B5: วันที่ | C5: เลขที่เอกสาร | D5: หน่วยงาน | E5: สินค้า | F5: จำนวนเที่ยว | I5: หมายเหตุ
F6: 8.00-17.00 | G6: หลัง 17.00 | H6: (คิว)
A7: 1 | B7: ='8'!B7 -> 46107 | C7: 0071364 | D7: บจก.เอ็นวี | E7: N3200NP00 | F7: 1 | H7: 6
A8: 2 | C8: 0071375 | D8: ธนกร ศรีพุทธา | E8: N3000NP00 | F8: 1 | H8: 5.5
A9: 3 | C9: 0071385 | D9: บริษัท ทีม ยูเนี่ยน | E9: N3201NP01 | F9: 1 | H9: 6
A10: 4 | C10: 0071397 | D10: บริษัท ทีม ยูเนี่ยน | E10: N3201NP01 | F10: 1 | H10: 6
A11: 5 | C11: 0071407 | D11: บริษัท ทีม ยูเนี่ยน | E11: N3201NP01 | F11: 1 | H11: 6
A12: 6
A13: 7
A14: 8
A15: 9
A16: 10
A17: รวม | F17: =SUM(F7:F16) -> 5 | G17: =SUM(G7:G16) -> 0 | H17: =SUM(H7:H16) -> 29.5
A18: 1 | B18: =B7+1 -> 46108 | C18: 0071424 | D18: บจก.สุขนภา | E18: N2400NP00 | F18: 1 | H18: 5
A19: 2 | C19: 0071437 | D19: บจก.เซล คอนสตรัคชั่น | E19: N3201NP01 | F19: 1 | H19: 5
A20: 3 | C20: 0071451 | D20: บริษัท ทีม ยูเนี่ยน | E20: N3201NP01 | F20: 1 | H20: 6
A21: 4 | C21: 0071468 | D21: บจก.เซล คอนสตรัคชั่น | E21: N3201NP01 | F21: 1 | H21: 5
A22: 5 | C22: 0071480 | D22: บจก.เซล คอนสตรัคชั่น | E22: N3201NP01 | F22: 1 | H22: 6
A23: 6 | C23: 0071492 | D23: บจก.เซล คอนสตรัคชั่น | E23: N3201NP01 | G23: 1 | H23: 6
A24: 7 | C24: 0071506 | D24: บริษัท ทีม ยูเนี่ยน | E24: N3201NP01 | G24: 1 | H24: 6
A25: 8
A26: 9
A27: 10
A28: รวม | F28: =SUM(F18:F27) -> 5 | G28: =SUM(G18:G27) -> 2 | H28: =SUM(H18:H27) -> 39
A29: 1 | B29: =B18+1 -> 46109 | C29: 0071520 | D29: บจก.ปิยะมณี | E29: N3000NP00 | F29: 1 | H29: 4.5
A30: 2 | C30: 0071533 | D30: บจก.วิธา | E30: N2400NP00 | F30: 1 | H30: 4.75
A31: 3
A32: 4
A33: 5
A34: 6
A35: 7
A36: 8
A37: 9
A38: 10
A39: รวม | F39: =SUM(F29:F38) -> 2 | G39: =SUM(G29:G38) -> 0 | H39: =SUM(H29:H38) -> 9.25
A40: 1 | B40: =B29+1 -> 46110 | C40: 0071564 | D40: บจก.เซล คอนสตรัคชั่น | E40: N3201NP01 | F40: 1 | H40: 5.5
A41: 2 | C41: 0071573 | D41: บจก.เซล คอนสตรัคชั่น | E41: N3201NP01 | F41: 1 | H41: 5.5
A42: 3 | C42: 0071585 | D42: บจก.เซล คอนสตรัคชั่น | E42: N3201NP01 | F42: 1 | H42: 5.5
A43: 4 | C43: 0071598 | D43: บริษัท โหลงไท่ | E43: N3201NP01 | F43: 1 | H43: 4
A44: 5 | C44: 0071609 | D44: บจก.หงส์อัน | E44: N3200NP00 | F44: 1 | H44: 6
A45: 6 | C45: 0071619 | D45: วสันต์ สันลี | E45: N2400NP00 | G45: 1 | H45: 4.5
A46: 7
A47: 8
A48: 9
A49: 10
A50: รวม | F50: =SUM(F40:F49) -> 5 | G50: =SUM(G40:G49) -> 1 | H50: =SUM(H40:H49) -> 31
A51: 1 | B51: =B40+1 -> 46111 | C51: 0071630 | D51: บจก.ช.วิรัตน์ | E51: N2400NP00 | F51: 1 | H51: 5
A52: 2 | C52: 0071645 | D52: บริษัท ทีม ยูเนี่ยน | E52: N3201NP01 | F52: 1 | H52: 6
A53: 3 | C53: 0071655 | D53: บริษัท ทีม ยูเนี่ยน | E53: N3201NP01 | F53: 1 | H53: 6
A54: 4 | C54: 0071665 | D54: บริษัท ทีม ยูเนี่ยน | E54: N3201NP01 | F54: 1 | H54: 6
A55: 5 | C55: 0071677 | D55: บริษัท ทีม ยูเนี่ยน | E55: N3201NP01 | F55: 1 | H55: 6
A56: 6 | C56: 0071687 | D56: บจก.วิธา | E56: N2400WP00 | F56: 1 | H56: 4.5
A57: 7 | C57: 0071698 | D57: บจก.เฟยจิน | E57: N3200NP00 | G57: 1 | H57: 6
A58: 8
A59: 9
A60: 10
A61: รวม | F61: =SUM(F51:F60) -> 6 | G61: =SUM(G51:G60) -> 1 | H61: =SUM(H51:H60) -> 39.5
A62: 1 | B62: =B51+1 -> 46112 | C62: 0071704 | D62: บจก.หลู่ไท่ | E62: N3200NP00 | F62: 1 | H62: 6
A63: 2 | C63: 0071716 | D63: บจก.เอ็นวี | E63: N3200NP00 | F63: 1 | H63: 6
A64: 3 | C64: 0071727 | D64: บริษัท โหลงไท่ | E64: N0000NP00 | F64: 1 | H64: 5
A65: 4 | C65: 0071737 | D65: บริษัท ทีม ยูเนี่ยน | E65: N3201NP01 | F65: 1 | H65: 6
A66: 5 | C66: 0071750 | D66: บริษัท ทีม ยูเนี่ยน | E66: N3201NP01 | F66: 1 | H66: 6
A67: 6 | C67: 0071762 | D67: NTW#2 | E67: N3202NP01 | F67: 1 | H67: 6
A68: 7 | C68: 0071771 | D68: บริษัท ทีม ยูเนี่ยน | E68: N3201NP01 | G68: 1 | H68: 6
A69: 8
A70: 9
A71: 10
A72: รวม | F72: =SUM(F62:F71) -> 6 | G72: =SUM(G62:G71) -> 1 | H72: =SUM(H62:H71) -> 41
A73: 1 | B73: =B62+1 -> 46113 | C73: 0071780 | D73: NTW#3 | E73: N2800NP00 | F73: 1 | H73: 5
A74: 2 | C74: 0071794 | D74: บจก.จิงกง | E74: N3200NP00 | F74: 1 | H74: 6
A75: 3 | C75: 0071804 | D75: บริษัท โหลงไท่ | E75: N3201NP01 | F75: 1 | H75: 2
A76: 4 | C76: 0071828 | D76: บจก.หู่เฟิง | E76: N3200WP00 | G76: 1 | H76: 3.5
A77: 5
A78: 6
A79: 7
A80: 8
A81: 9
A82: 10
A83: รวม | F83: =SUM(F73:F82) -> 3 | G83: =SUM(G73:G82) -> 1 | H83: =SUM(H73:H82) -> 16.5
A84: รวมสุทธิ | F84: =F17+F28+F39+F50+F61+F72+F83 -> 32 | G84: =G17+G28+G39+G50+G61+G72+G83 -> 6 | H84: =H17+H28+H39+H50+H61+H72+H83 -> 205.75
A85: บริษัท เอ็นเอ็นวาย แมททีเรียลส์ จำกัด
A86: รายงานการวิ่งรถประจำเดือน | F86: =F2 -> เมษายน | G86: ปี | H86: =H2 -> 2569
A87: เบอร์รถ…9.... | H87: หน้า | I87: =I3+1 -> 2
A88: ทะเบียนรถ …6009 .... | E88: ตั้งแต่วันที่ | F88: =F4 -> 46107 | H88: ถึงวันที่ | I88: =I4 -> 46136
A89: ลำดับ | B89: วันที่ | C89: เลขที่เอกสาร | D89: หน่วยงาน | E89: สินค้า | F89: จำนวนเที่ยว | I89: หมายเหตุ
F90: 8.00-17.00 | G90: หลัง 17.00 | H90: (คิว)
A91: 1 | B91: =B73+1 -> 46114 | C91: 0071837 | D91: บจก.หอพักสาย19 | E91: N3801NP04 | F91: 1 | H91: 6
A92: 2 | C92: 0071846 | D92: บจก.หอพักสาย19 | E92: N3801NP04 | F92: 1 | H92: 6
A93: 3 | C93: 0071854 | D93: บริษัท ทีม ยูเนี่ยน | E93: N3201NP01 | F93: 1 | H93: 6
A94: 4 | C94: 0071864 | D94: NTW#3 | E94: N3202NP01 | F94: 1 | H94: 6
A95: 5 | C95: 0071875 | D95: บริษัท ทีม ยูเนี่ยน | E95: N3201NP01 | F95: 1 | H95: 6
A96: 6 | C96: 0071884 | D96: บริษัท ทีม ยูเนี่ยน | E96: N3201NP01 | F96: 1 | H96: 6
A97: 7 | C97: 0071895 | D97: บริษัท ทีม ยูเนี่ยน | E97: N3201NP01 | G97: 1 | H97: 6
A98: 8 | C98: 0071904 | D98: บริษัท ทีม ยูเนี่ยน | E98: N3201NP01 | G98: 1 | H98: 6
A99: 9 | C99: 0071913 | D99: บริษัท ทีม ยูเนี่ยน | E99: N3201NP01 | G99: 1 | H99: 6
A100: 10
...

Sheet 10
A1: บริษัท เอ็นเอ็นวาย แมททีเรียลส์ จำกัด
A2: รายงานการวิ่งรถประจำเดือน | F2: ='1'!$F$2 -> เมษายน | G2: ปี | H2: ='1'!$H$2 -> 2569
A3: เบอร์รถ…10.... | H3: หน้า | I3: 1
A4: ทะเบียนรถ …6010.... | E4: ตั้งแต่วันที่ | F4: ='1'!$F$4 -> 46107 | H4: ถึงวันที่ | I4: ='1'!$I$4 -> 46136
A5: ลำดับ | B5: วันที่ | C5: เลขที่เอกสาร | D5: หน่วยงาน | E5: สินค้า | F5: จำนวนเที่ยว | I5: หมายเหตุ
F6: 8.00-17.00 | G6: หลัง 17.00 | H6: (คิว)
A7: 1 | B7: ='9'!B7 -> 46107 | C7: 0071365 | D7: บริษัท โหลงไท่ | E7: N3200NP00 | F7: 1 | H7: 5
A8: 2 | C8: 0071374 | D8: บจก.หู่เฟิง | E8: N0000NP00 | F8: 1 | H8: 2
A9: 3 | C9: 0071384 | D9: บริษัท ทีม ยูเนี่ยน | E9: N3201NP01 | F9: 1 | H9: 6
A10: 4 | C10: 0071395 | D10: บริษัท ทีม ยูเนี่ยน | E10: N3201NP01 | F10: 1 | H10: 6
A11: 5 | C11: 0071406 | D11: บริษัท ทีม ยูเนี่ยน | E11: N3200NP00 | F11: 1 | H11: 6
A12: 6
A13: 7
A14: 8
A15: 9
A16: 10
A17: รวม | F17: =SUM(F7:F16) -> 5 | G17: =SUM(G7:G16) -> 0 | H17: =SUM(H7:H16) -> 25
A18: 1 | B18: =B7+1 -> 46108 | C18: 0071425 | D18: บริษัท โหลงไท่ | E18: N0000NP05 | F18: 1 | H18: 5
A19: 2 | C19: 0071443 | D19: บริษัท ทีม ยูเนี่ยน | E19: N0000NP05 | F19: 1 | H19: 1
A20: 3 | C20: 0071452 | D20: บจก.เซล คอนสตรัคชั่น | E20: N3201NP01 | F20: 1 | H20: 5
A21: 4 | C21: 0071466 | D21: บจก.ชัชนา | E21: N2400NP00 | F21: 1 | H21: 5.5
A22: 5 | C22: 0071483 | D22: บริษัท ทีม ยูเนี่ยน | E22: N3201NP01 | F22: 1 | H22: 6
A23: 6 | C23: 0071495 | D23: บริษัท ทีม ยูเนี่ยน | E23: N3201NP01 | G23: 1 | H23: 6
A24: 7 | C24: 0071505 | D24: บจก.เซล คอนสตรัคชั่น | E24: N3201NP01 | G24: 1 | H24: 6
A25: 8
A26: 9
A27: 10
A28: รวม | F28: =SUM(F18:F27) -> 5 | G28: =SUM(G18:G27) -> 2 | H28: =SUM(H18:H27) -> 34.5
A29: 1 | B29: =B18+1 -> 46109 | C29: 0071521 | D29: หจก.นัชชา | E29: N2400NP00 | F29: 1 | H29: 5
A30: 2 | C30: 0071531 | D30: บจก.ไทย สตีล | E30: N1800NP00 | F30: 1 | H30: 6
A31: 3 | C31: 0071546 | D31: บจก.หลู่ไท่ | E31: N3200NP00 | F31: 1 | H31: 5
A32: 4
A33: 5
A34: 6
A35: 7
A36: 8
A37: 9
A38: 10
A39: รวม | F39: =SUM(F29:F38) -> 3 | G39: =SUM(G29:G38) -> 0 | H39: =SUM(H29:H38) -> 16
A40: 1 | B40: =B29+1 -> 46110 | C40: 0071561 | D40: บจก.หงส์อัน | E40: N3200NP00 | F40: 1 | H40: 6
A41: 2 | C41: 0071580 | D41: บจก.เซล คอนสตรัคชั่น | E41: N3201NP01 | F41: 1 | H41: 5.5
A42: 3 | C42: 0071592 | D42: บจก.เซล คอนสตรัคชั่น | E42: N3201NP01 | F42: 1 | H42: 5.5
A43: 4 | C43: 0071603 | D43: บจก.หู่เฟิง | E43: N3200NP00 | F43: 1 | H43: 4
A44: 5 | C44: 0071613 | D44: บจก.หงส์อัน | E44: N3200NP00 | F44: 1 | H44: 6
A45: 6 | C45: 0071624 | D45: บจก.หงส์อัน | E45: N3200NP00 | G45: 1 | H45: 1.5
A46: 7
A47: 8
A48: 9
A49: 10
A50: รวม | F50: =SUM(F40:F49) -> 5 | G50: =SUM(G40:G49) -> 1 | H50: =SUM(H40:H49) -> 28.5
A51: 1 | B51: =B40+1 -> 46111 | C51: 0071631 | D51: หจก.นัชชา | E51: N2400NP00 | F51: 1 | H51: 5
A52: 2 | C52: 0071639 | D52: บจก.สุขนภา | E52: N2400NP00 | F52: 1 | H52: 3
A53: 3 | C53: 0071652 | D53: บริษัท ทีม ยูเนี่ยน | E53: N3201NP01 | F53: 1 | H53: 6
A54: 4 | C54: 0071662 | D54: บริษัท ทีม ยูเนี่ยน | E54: N3201NP01 | F54: 1 | H54: 6
A55: 5 | C55: 0071675 | D55: บริษัท ทีม ยูเนี่ยน | E55: N3201NP01 | F55: 1 | H55: 6
A56: 6 | C56: 0071685 | D56: ZHC | E56: N3801NP01 | F56: 1 | H56: 3.75
A57: 7 | C57: 0071697 | D57: บจก.เฟยจิน | E57: N3200NP00 | G57: 1 | H57: 6
A58: 8
A59: 9
A60: 10
A61: รวม | F61: =SUM(F51:F60) -> 6 | G61: =SUM(G51:G60) -> 1 | H61: =SUM(H51:H60) -> 35.75
A62: 1 | B62: =B51+1 -> 46112 | C62: 0071705 | D62: บจก.หลู่ไท่ | E62: N3200NP00 | F62: 1 | H62: 6
A63: 2 | C63: 0071717 | D63: บริษัท ทีม ยูเนี่ยน | E63: N3200NP00 | F63: 1 | H63: 6
A64: 3
A65: 4
A66: 5
A67: 6
A68: 7
A69: 8
A70: 9
A71: 10
A72: รวม | F72: =SUM(F62:F71) -> 2 | G72: =SUM(G62:G71) -> 0 | H72: =SUM(H62:H71) -> 12
A73: 1 | B73: =B62+1 -> 46113
A74: 2
A75: 3
A76: 4
A77: 5
A78: 6
A79: 7
A80: 8
A81: 9
A82: 10
A83: รวม | F83: =SUM(F73:F82) -> 0 | G83: =SUM(G73:G82) -> 0 | H83: =SUM(H73:H82) -> 0
A84: รวมสุทธิ | F84: =F17+F28+F39+F50+F61+F72+F83 -> 26 | G84: =G17+G28+G39+G50+G61+G72+G83 -> 4 | H84: =H17+H28+H39+H50+H61+H72+H83 -> 151.75
A85: บริษัท เอ็นเอ็นวาย แมททีเรียลส์ จำกัด
A86: รายงานการวิ่งรถประจำเดือน | F86: =F2 -> เมษายน | G86: ปี | H86: =H2 -> 2569
A87: เบอร์รถ…10.... | H87: หน้า | I87: =I3+1 -> 2
A88: ทะเบียนรถ …6010.... | E88: ตั้งแต่วันที่ | F88: =F4 -> 46107 | H88: ถึงวันที่ | I88: =I4 -> 46136
A89: ลำดับ | B89: วันที่ | C89: เลขที่เอกสาร | D89: หน่วยงาน | E89: สินค้า | F89: จำนวนเที่ยว | I89: หมายเหตุ
F90: 8.00-17.00 | G90: หลัง 17.00 | H90: (คิว)
A91: 1 | B91: =B73+1 -> 46114
A92: 2
A93: 3
A94: 4
A95: 5
A96: 6
A97: 7
A98: 8
A99: 9
A100: 10
...

Sheet 11
A1: บริษัท เอ็นเอ็นวาย แมททีเรียลส์ จำกัด
A2: รายงานการวิ่งรถประจำเดือน | F2: ='1'!$F$2 -> เมษายน | G2: ปี | H2: ='1'!$H$2 -> 2569
A3: เบอร์รถ…10.... | H3: หน้า | I3: 1
A4: ทะเบียนรถ …6010.... | E4: ตั้งแต่วันที่ | F4: ='1'!$F$4 -> 46107 | H4: ถึงวันที่ | I4: ='1'!$I$4 -> 46136
A5: ลำดับ | B5: วันที่ | C5: เลขที่เอกสาร | D5: หน่วยงาน | E5: สินค้า | F5: จำนวนเที่ยว | I5: หมายเหตุ
F6: 8.00-17.00 | G6: หลัง 17.00 | H6: (คิว)
A7: 1 | B7: ='9'!B7 -> 46107 | C7: 0071366 | D7: บจก.เอ็นวี | E7: N3200NP00 | F7: 1 | H7: 6
A8: 2 | C8: 0071377 | D8: NTW#2 | E8: N1800NP00 | F8: 1 | H8: 5
A9: 3 | C9: 0071388 | D9: บริษัท ทีม ยูเนี่ยน | E9: N3201NP01 | F9: 1 | H9: 6
A10: 4 | C10: 0071398 | D10: บริษัท ทีม ยูเนี่ยน | E10: N3201NP01 | F10: 1 | H10: 6
A11: 5 | C11: 0071408 | D11: บริษัท ทีม ยูเนี่ยน | E11: N3201NP01 | F11: 1 | H11: 6
A12: 6
A13: 7
A14: 8
A15: 9
A16: 10
A17: รวม | F17: =SUM(F7:F16) -> 5 | G17: =SUM(G7:G16) -> 0 | H17: =SUM(H7:H16) -> 29
A18: 1 | B18: =B7+1 -> 46108 | C18: 0071426 | D18: บจก.จิงกง | E18: N3200NP00 | F18: 1 | H18: 5
A19: 2 | C19: 0071439 | D19: บจก.เซล คอนสตรัคชั่น | E19: N3201NP01 | F19: 1 | H19: 5
A20: 3 | C20: 0071456 | D20: บริษัท ทีม ยูเนี่ยน | E20: N3201NP01 | F20: 1 | H20: 6
A21: 4 | C21: 0071469 | D21: บริษัท ทีม ยูเนี่ยน | E21: N3201NP01 | F21: 1 | H21: 6
A22: 5 | C22: 0071481 | D22: บจก.ชัชนา | E22: N2400NP00 | F22: 1 | H22: 5
A23: 6 | C23: 0071493 | D23: บริษัท ทีม ยูเนี่ยน | E23: N3201NP01 | G23: 1 | H23: 6
A24: 7 | C24: 0071504 | D24: บริษัท ทีม ยูเนี่ยน | E24: N3201NP01 | G24: 1 | H24: 6
A25: 8
A26: 9
A27: 10
A28: รวม | F28: =SUM(F18:F27) -> 5 | G28: =SUM(G18:G27) -> 2 | H28: =SUM(H18:H27) -> 39
A29: 1 | B29: =B18+1 -> 46109 | C29: 0071522 | D29: บจก.ไทย สตีล | E29: N3200NP00 | F29: 1 | H29: 6
A30: 2 | C30: 0071532 | D30: บจก.ไทย สตีล | E30: N3200NP00 | F30: 1 | H30: 6
A31: 3 | C31: 0071547 | D31: บริษัท ทีม ยูเนี่ยน | E31: N1800NP00 | F31: 1 | H31: 6
A32: 4
A33: 5
A34: 6
A35: 7
A36: 8
A37: 9
A38: 10
A39: รวม | F39: =SUM(F29:F38) -> 3 | G39: =SUM(G29:G38) -> 0 | H39: =SUM(H29:H38) -> 18
A40: 1 | B40: =B29+1 -> 46110 | C40: 0071563 | D40: บจก.เซล คอนสตรัคชั่น | E40: N0000NP05 | F40: 1 | H40: 1
A41: 2 | C41: 0071571 | D41: บจก.เซล คอนสตรัคชั่น | E41: N3201NP01 | F41: 1 | H41: 5.5
A42: 3 | C42: 0071582 | D42: บจก.หงส์อัน | E42: N3200NP00 | F42: 1 | H42: 2
A43: 4 | C43: 0071593 | D43: บจก.เซล คอนสตรัคชั่น | E43: N3201NP01 | F43: 1 | H43: 5.5
A44: 5 | C44: 0071605 | D44: บจก.หู่เฟิง | E44: N0000NP00 | F44: 1 | H44: 5
A45: 6 | C45: 0071620 | D45: สุมาลี ปัญญาคำ | E45: N2400NP00 | G45: 1 | H45: 3
A46: 7
A47: 8
A48: 9
A49: 10
A50: รวม | F50: =SUM(F40:F49) -> 5 | G50: =SUM(G40:G49) -> 1 | H50: =SUM(H40:H49) -> 22
A51: 1 | B51: =B40+1 -> 46111 | C51: 0071632 | D51: NTW#3 | E51: N3202NP01 | F51: 1 | H51: 6
A52: 2 | C52: 0071644 | D52: บริษัท ทีม ยูเนี่ยน | E52: N3201NP01 | F52: 1 | H52: 6
A53: 3 | C53: 0071654 | D53: บริษัท ทีม ยูเนี่ยน | E53: N3201NP01 | F53: 1 | H53: 6
A54: 4 | C54: 0071664 | D54: บริษัท ทีม ยูเนี่ยน | E54: N3201NP01 | F54: 1 | H54: 6
A55: 5 | C55: 0071676 | D55: ZHC | E55: N3801NP01 | F55: 1 | H55: 4
A56: 6 | C56: 0071691 | D56: บจก.เฟยจิน | E56: N3200NP00 | G56: 1 | H56: 6
A57: 7 | C57: 0071700 | D57: บจก.เฟยจิน | E57: N3200NP00 | G57: 1 | H57: 6
A58: 8
A59: 9
A60: 10
A61: รวม | F61: =SUM(F51:F60) -> 5 | G61: =SUM(G51:G60) -> 2 | H61: =SUM(H51:H60) -> 40
A62: 1 | B62: =B51+1 -> 46112 | C62: 0071706 | D62: บจก.หลู่ไท่ | E62: N3200NP00 | F62: 1 | H62: 6
A63: 2 | C63: 0071718 | D63: บจก.หลู่ไท่ | E63: N3200NP00 | F63: 1 | H63: 6
A64: 3 | C64: 0071726 | D64: บจก.หลู่ไท่ | E64: N3200NP00 | F64: 1 | H64: 6
A65: 4 | C65: 0071733 | D65: บริษัท ทีม ยูเนี่ยน | E65: N3201NP01 | F65: 1 | H65: 6
A66: 5 | C66: 0071743 | D66: บริษัท ทีม ยูเนี่ยน | E66: N3201NP01 | F66: 1 | H66: 6
A67: 6 | C67: 0071755 | D67: บริษัท ทีม ยูเนี่ยน | E67: N3201NP01 | F67: 1 | H67: 6
A68: 7 | C68: 0071765 | D68: ZHC | E68: N3200NP00 | F68: 1 | H68: 6
A69: 8 | C69: 0071769 | D69: บจก.เฮลซิงกิ | E69: N2400NP00 | G69: 1 | H69: 5
A70: 9 | C70: 0071777 | D70: บริษัท ทีม ยูเนี่ยน | E70: N3201NP01 | G70: 1 | H70: 6
A71: 10
A72: รวม | F72: =SUM(F62:F71) -> 7 | G72: =SUM(G62:G71) -> 2 | H72: =SUM(H62:H71) -> 53
A73: 1 | B73: =B62+1 -> 46113
A74: 2
A75: 3
A76: 4
A77: 5
A78: 6
A79: 7
A80: 8
A81: 9
A82: 10
A83: รวม | F83: =SUM(F73:F82) -> 0 | G83: =SUM(G73:G82) -> 0 | H83: =SUM(H73:H82) -> 0
A84: รวมสุทธิ | F84: =F17+F28+F39+F50+F61+F72+F83 -> 30 | G84: =G17+G28+G39+G50+G61+G72+G83 -> 7 | H84: =H17+H28+H39+H50+H61+H72+H83 -> 201
A85: บริษัท เอ็นเอ็นวาย แมททีเรียลส์ จำกัด
A86: รายงานการวิ่งรถประจำเดือน | F86: =F2 -> เมษายน | G86: ปี | H86: =H2 -> 2569
A87: เบอร์รถ…10.... | H87: หน้า | I87: =I3+1 -> 2
A88: ทะเบียนรถ …6010.... | E88: ตั้งแต่วันที่ | F88: =F4 -> 46107 | H88: ถึงวันที่ | I88: =I4 -> 46136
A89: ลำดับ | B89: วันที่ | C89: เลขที่เอกสาร | D89: หน่วยงาน | E89: สินค้า | F89: จำนวนเที่ยว | I89: หมายเหตุ
F90: 8.00-17.00 | G90: หลัง 17.00 | H90: (คิว)
A91: 1 | B91: =B73+1 -> 46114 | C91: 0071863 | D91: บริษัท ทีม ยูเนี่ยน | E91: N3201NP01 | F91: 1 | H91: 6
A92: 2 | C92: 0071873 | D92: บริษัท ทีม ยูเนี่ยน | E92: N3201NP01 | F92: 1 | H92: 6
A93: 3
A94: 4
A95: 5
A96: 6
A97: 7
A98: 8
A99: 9
A100: 10
...

Sheet 12
A1: บริษัท เอ็นเอ็นวาย แมททีเรียลส์ จำกัด
A2: รายงานการวิ่งรถประจำเดือน | F2: ='1'!$F$2 -> เมษายน | G2: ปี | H2: ='1'!$H$2 -> 2569
A3: เบอร์รถ…10.... | H3: หน้า | I3: 1
A4: ทะเบียนรถ …6010.... | E4: ตั้งแต่วันที่ | F4: ='1'!$F$4 -> 46107 | H4: ถึงวันที่ | I4: ='1'!$I$4 -> 46136
A5: ลำดับ | B5: วันที่ | C5: เลขที่เอกสาร | D5: หน่วยงาน | E5: สินค้า | F5: จำนวนเที่ยว | I5: หมายเหตุ
F6: 8.00-17.00 | G6: หลัง 17.00 | H6: (คิว)
A7: 1 | B7: ='9'!B7 -> 46107 | C7: 0071356 | D7: บจก.เอ็นวี | E7: N3200NP00 | F7: 1 | H7: 6
A8: 2 | C8: 0071367 | D8: บริษัท โหลงไท่ | E8: N3200NP00 | F8: 1 | H8: 5
A9: 3 | C9: 0071376 | D9: บจก.เอ็นวี | E9: N3200NP00 | F9: 1 | H9: 6
A10: 4 | C10: 0071381 | D10: บริษัท ทีม ยูเนี่ยน | E10: N3201NP01 | F10: 1 | H10: 6
A11: 5 | C11: 0071393 | D11: บริษัท ทีม ยูเนี่ยน | E11: N3201NP01 | F11: 1 | H11: 6
A12: 6 | C12: 0071404 | D12: บริษัท ทีม ยูเนี่ยน | E12: N3201NP01 | F12: 1 | H12: 6
A13: 7
A14: 8
A15: 9
A16: 10
A17: รวม | F17: =SUM(F7:F16) -> 6 | G17: =SUM(G7:G16) -> 0 | H17: =SUM(H7:H16) -> 35
A18: 1 | B18: =B7+1 -> 46108 | C18: 0071415 | D18: บจก.จิงกง | E18: N3200NP00 | F18: 1 | H18: 5
A19: 2 | C19: 0071434 | D19: บจก.เซล คอนสตรัคชั่น | E19: N3201NP01 | F19: 1 | H19: 5
A20: 3 | C20: 0071448 | D20: บริษัท ทีม ยูเนี่ยน | E20: N3201NP01 | F20: 1 | H20: 6
A21: 4 | C21: 0071461 | D21: บริษัท ทีม ยูเนี่ยน | E21: N3201NP01 | F21: 1 | H21: 6
A22: 5 | C22: 0071473 | D22: บจก.เซล คอนสตรัคชั่น | E22: N3201NP01 | F22: 1 | H22: 5
A23: 6 | C23: 0071486 | D23: บริษัท ทีม ยูเนี่ยน | E23: N3201NP01 | F23: 1 | H23: 6
A24: 7 | C24: 0071500 | D24: บริษัท ทีม ยูเนี่ยน | E24: N3201NP01 | G24: 1 | H24: 6
A25: 8 | C25: 0071512 | D25: บจก.เซล คอนสตรัคชั่น | E25: N3201NP01 | G25: 1 | H25: 6
A26: 9
A27: 10
A28: รวม | F28: =SUM(F18:F27) -> 6 | G28: =SUM(G18:G27) -> 2 | H28: =SUM(H18:H27) -> 45
A29: 1 | B29: =B18+1 -> 46109 | C29: 0071523 | D29: บจก.วิธา | E29: N2400NP00 | F29: 1 | H29: 4.75
A30: 2 | C30: 0071535 | D30: ZHC | E30: N3801NP01 | F30: 1 | H30: 5
A31: 3
A32: 4
A33: 5
A34: 6
A35: 7
A36: 8
A37: 9
A38: 10
A39: รวม | F39: =SUM(F29:F38) -> 2 | G39: =SUM(G29:G38) -> 0 | H39: =SUM(H29:H38) -> 9.75
A40: 1 | B40: =B29+1 -> 46110 | C40: 0071554 | D40: บจก.หงส์อัน | E40: N3200NP00 | F40: 1 | H40: 6
A41: 2 | C41: 0071565 | D41: บจก.หงส์อัน | E41: N3200NP00 | F41: 1 | H41: 6
A42: 3 | C42: 0071583 | D42: บจก.เซล คอนสตรัคชั่น | E42: N3201NP01 | F42: 1 | H42: 5.5
A43: 4 | C43: 0071595 | D43: ZHC | E43: N3801NP01 | F43: 1 | H43: 4.75
A44: 5 | C44: 0071612 | D44: บจก.หงส์อัน | E44: N3200NP00 | F44: 1 | H44: 6
A45: 6 | C45: 0071623 | D45: บจก.เซล คอนสตรัคชั่น | E45: N3201NP01 | G45: 1 | H45: 2
A46: 7
A47: 8
A48: 9
A49: 10
A50: รวม | F50: =SUM(F40:F49) -> 5 | G50: =SUM(G40:G49) -> 1 | H50: =SUM(H40:H49) -> 30.25
A51: 1 | B51: =B40+1 -> 46111 | C51: 0071633 | D51: หจก.นัชชา | E51: N2400NP00 | F51: 1 | H51: 5
A52: 2 | C52: 0071640 | D52: บริษัท ทีม ยูเนี่ยน | E52: N3201NP01 | F52: 1 | H52: 6
A53: 3 | C53: 0071650 | D53: บริษัท ทีม ยูเนี่ยน | E53: N3201NP01 | F53: 1 | H53: 6
A54: 4 | C54: 0071660 | D54: บริษัท ทีม ยูเนี่ยน | E54: N3201NP01 | F54: 1 | H54: 6
A55: 5 | C55: 0071672 | D55: บริษัท ทีม ยูเนี่ยน | E55: N3201NP01 | F55: 1 | H55: 6
A56: 6 | C56: 0071682 | D56: บริษัท ทีม ยูเนี่ยน | E56: N3200NP00 | F56: 1 | H56: 2.5
A57: 7 | C57: 0071699 | D57: บจก.เฟยจิน | E57: N3200NP00 | G57: 1 | H57: 6
A58: 8
A59: 9
A60: 10
A61: รวม | F61: =SUM(F51:F60) -> 6 | G61: =SUM(G51:G60) -> 1 | H61: =SUM(H51:H60) -> 37.5
A62: 1 | B62: =B51+1 -> 46112 | C62: 0071707 | D62: บจก.หลู่ไท่ | E62: N3200NP00 | F62: 1 | H62: 6
A63: 2 | C63: 0071719 | D63: บจก.หลู่ไท่ | E63: N3200NP00 | F63: 1 | H63: 6
A64: 3 | C64: 0071728 | D64: บจก.หลู่ไท่ | E64: N3200NP00 | F64: 1 | H64: 6
A65: 4 | C65: 0071734 | D65: บจก.เอ็นวี | E65: N3200NP00 | F65: 1 | H65: 2
A66: 5 | C66: 0071745 | D66: บริษัท ทีม ยูเนี่ยน | E66: N3201NP01 | F66: 1 | H66: 6
A67: 6 | C67: 0071757 | D67: บริษัท ทีม ยูเนี่ยน | E67: N3201NP01 | F67: 1 | H67: 6
A68: 7 | C68: 0071768 | D68: บริษัท ทีม ยูเนี่ยน | E68: N3201NP01 | F68: 1 | H68: 6
A69: 8 | C69: 0071778 | D69: บริษัท ทีม ยูเนี่ยน | E69: N3201NP01 | G69: 1 | H69: 6
A70: 9
A71: 10
A72: รวม | F72: =SUM(F62:F71) -> 7 | G72: =SUM(G62:G71) -> 1 | H72: =SUM(H62:H71) -> 44
A73: 1 | B73: =B62+1 -> 46113 | C73: 0071782 | D73: บจก.จิงกง | E73: N3200NP00 | F73: 1 | H73: 6
A74: 2 | C74: 0071790 | D74: บริษัท ทีม ยูเนี่ยน | E74: N1800NP00 | F74: 1 | H74: 4
A75: 3 | C75: 0071800 | D75: บจก.เฟยจิน | E75: N2400NP00 | F75: 1 | H75: 4
A76: 4 | C76: 0071811 | D76: NTW#2 | E76: N3202NP01 | F76: 1 | H76: 6
A77: 5 | C77: 0071817 | D77: บริษัท ทีม ยูเนี่ยน | E77: N3200NP00 | F77: 1 | H77: 2.5
A78: 6
A79: 7
A80: 8
A81: 9
A82: 10
A83: รวม | F83: =SUM(F73:F82) -> 5 | G83: =SUM(G73:G82) -> 0 | H83: =SUM(H73:H82) -> 22.5
A84: รวมสุทธิ | F84: =F17+F28+F39+F50+F61+F72+F83 -> 37 | G84: =G17+G28+G39+G50+G61+G72+G83 -> 5 | H84: =H17+H28+H39+H50+H61+H72+H83 -> 224
A85: บริษัท เอ็นเอ็นวาย แมททีเรียลส์ จำกัด
A86: รายงานการวิ่งรถประจำเดือน | F86: =F2 -> เมษายน | G86: ปี | H86: =H2 -> 2569
A87: เบอร์รถ…10.... | H87: หน้า | I87: =I3+1 -> 2
A88: ทะเบียนรถ …6010.... | E88: ตั้งแต่วันที่ | F88: =F4 -> 46107 | H88: ถึงวันที่ | I88: =I4 -> 46136
A89: ลำดับ | B89: วันที่ | C89: เลขที่เอกสาร | D89: หน่วยงาน | E89: สินค้า | F89: จำนวนเที่ยว | I89: หมายเหตุ
F90: 8.00-17.00 | G90: หลัง 17.00 | H90: (คิว)
A91: 1 | B91: =B73+1 -> 46114 | C91: 0071831 | D91: บจก.หอพักสาย19 | E91: N0000NP05 | F91: 1 | H91: 1
A92: 2 | C92: 0071840 | D92: บจก.หอพักสาย19 | E92: N3801NP04 | F92: 1 | H92: 6
A93: 3 | C93: 0071848 | D93: บจก.หอพักสาย19 | E93: N3801NP04 | F93: 1 | H93: 6
A94: 4 | C94: 0071857 | D94: บริษัท ทีม ยูเนี่ยน | E94: N3201NP01 | F94: 1 | H94: 6
A95: 5 | C95: 0071867 | D95: บจก.เฮลซิงกิ | E95: N3200NP00 | F95: 1 | H95: 4.75
A96: 6 | C96: 0071880 | D96: บริษัท ทีม ยูเนี่ยน | E96: N3201NP01 | F96: 1 | H96: 6
A97: 7 | C97: 0071888 | D97: บริษัท ทีม ยูเนี่ยน | E97: N3201NP01 | F97: 1 | H97: 6
A98: 8 | C98: 0071898 | D98: บริษัท ทีม ยูเนี่ยน | E98: N3201NP01 | G98: 1 | H98: 6
A99: 9 | C99: 0071906 | D99: บริษัท ทีม ยูเนี่ยน | E99: N3201NP01 | G99: 1 | H99: 6
A100: 10 | C100: 0071914 | D100: บริษัท ทีม ยูเนี่ยน | E100: N3201NP01 | G100: 1 | H100: 2
...

Sheet 13
A1: บริษัท เอ็นเอ็นวาย แมททีเรียลส์ จำกัด
A2: รายงานการวิ่งรถประจำเดือน | F2: ='1'!$F$2 -> เมษายน | G2: ปี | H2: ='1'!$H$2 -> 2569
A3: เบอร์รถ…10.... | H3: หน้า | I3: 1
A4: ทะเบียนรถ …6010.... | E4: ตั้งแต่วันที่ | F4: ='1'!$F$4 -> 46107 | H4: ถึงวันที่ | I4: ='1'!$I$4 -> 46136
A5: ลำดับ | B5: วันที่ | C5: เลขที่เอกสาร | D5: หน่วยงาน | E5: สินค้า | F5: จำนวนเที่ยว | I5: หมายเหตุ
F6: 8.00-17.00 | G6: หลัง 17.00 | H6: (คิว)
A7: 1 | B7: ='9'!B7 -> 46107 | C7: 0071387 | D7: บริษัท ทีม ยูเนี่ยน | E7: N3201NP01 | F7: 1 | H7: 6
A8: 2 | C8: 0071400 | D8: บริษัท ทีม ยูเนี่ยน | E8: N3201NP01 | F8: 1 | H8: 6
A9: 3 | C9: 0071410 | D9: บริษัท ทีม ยูเนี่ยน | E9: N3201NP01 | F9: 1 | H9: 6
A10: 4
A11: 5
A12: 6
A13: 7
A14: 8
A15: 9
A16: 10
A17: รวม | F17: =SUM(F7:F16) -> 3 | G17: =SUM(G7:G16) -> 0 | H17: =SUM(H7:H16) -> 18
A18: 1 | B18: =B7+1 -> 46108 | C18: 0071423 | D18: บริษัท โหลงไท่ | E18: N3201NP01 | F18: 1 | H18: 1.5
A19: 2 | C19: 0071440 | D19: บจก.หู่เฟิง | E19: N0000NP00 | F19: 1 | H19: 2
A20: 3 | C20: 0071465 | D20: บริษัท ทีม ยูเนี่ยน | E20: N3200NP00 | F20: 1 | H20: 2
A21: 4 | C21: 0071488 | D21: บริษัท ทีม ยูเนี่ยน | E21: N3200NP00 | G21: 1 | H21: 2
A22: 5
A23: 6
A24: 7
A25: 8
A26: 9
A27: 10
A28: รวม | F28: =SUM(F18:F27) -> 3 | G28: =SUM(G18:G27) -> 1 | H28: =SUM(H18:H27) -> 7.5
A29: 1 | B29: =B18+1 -> 46109
A30: 2
A31: 3
A32: 4
A33: 5
A34: 6
A35: 7
A36: 8
A37: 9
A38: 10
A39: รวม | F39: =SUM(F29:F38) -> 0 | G39: =SUM(G29:G38) -> 0 | H39: =SUM(H29:H38) -> 0
A40: 1 | B40: =B29+1 -> 46110 | C40: 0071568 | D40: บจก.เซล คอนสตรัคชั่น | E40: N3201NP01 | F40: 1 | H40: 5.5
A41: 2 | C41: 0071578 | D41: บจก.เซล คอนสตรัคชั่น | E41: N3201NP01 | F41: 1 | H41: 5.5
A42: 3 | C42: 0071590 | D42: บจก.เซล คอนสตรัคชั่น | E42: N3201NP01 | F42: 1 | H42: 5.5
A43: 4 | C43: 0071600 | D43: บจก.จิงกง | E43: N3200NP00 | F43: 1 | H43: 5
A44: 5 | C44: 0071615 | D44: บจก.หงส์อัน | E44: N3200NP00 | G44: 1 | H44: 6
A45: 6
A46: 7
A47: 8
A48: 9
A49: 10
A50: รวม | F50: =SUM(F40:F49) -> 4 | G50: =SUM(G40:G49) -> 1 | H50: =SUM(H40:H49) -> 27.5
A51: 1 | B51: =B40+1 -> 46111
A52: 2
A53: 3
A54: 4
A55: 5
A56: 6
A57: 7
A58: 8
A59: 9
A60: 10
A61: รวม | F61: =SUM(F51:F60) -> 0 | G61: =SUM(G51:G60) -> 0 | H61: =SUM(H51:H60) -> 0
A62: 1 | B62: =B51+1 -> 46112
A63: 2
A64: 3
A65: 4
A66: 5
A67: 6
A68: 7
A69: 8
A70: 9
A71: 10
A72: รวม | F72: =SUM(F62:F71) -> 0 | G72: =SUM(G62:G71) -> 0 | H72: =SUM(H62:H71) -> 0
A73: 1 | B73: =B62+1 -> 46113
A74: 2
A75: 3
A76: 4
A77: 5
A78: 6
A79: 7
A80: 8
A81: 9
A82: 10
A83: รวม | F83: =SUM(F73:F82) -> 0 | G83: =SUM(G73:G82) -> 0 | H83: =SUM(H73:H82) -> 0
A84: รวมสุทธิ | F84: =F17+F28+F39+F50+F61+F72+F83 -> 10 | G84: =G17+G28+G39+G50+G61+G72+G83 -> 2 | H84: =H17+H28+H39+H50+H61+H72+H83 -> 53
A85: บริษัท เอ็นเอ็นวาย แมททีเรียลส์ จำกัด
A86: รายงานการวิ่งรถประจำเดือน | F86: =F2 -> เมษายน | G86: ปี | H86: =H2 -> 2569
A87: เบอร์รถ…10.... | H87: หน้า | I87: =I3+1 -> 2
A88: ทะเบียนรถ …6010.... | E88: ตั้งแต่วันที่ | F88: =F4 -> 46107 | H88: ถึงวันที่ | I88: =I4 -> 46136
A89: ลำดับ | B89: วันที่ | C89: เลขที่เอกสาร | D89: หน่วยงาน | E89: สินค้า | F89: จำนวนเที่ยว | I89: หมายเหตุ
F90: 8.00-17.00 | G90: หลัง 17.00 | H90: (คิว)
A91: 1 | B91: =B73+1 -> 46114 | C91: 0071862 | D91: บจก.เอสดีเอ็น | E91: N3200NP00 | F91: 1 | H91: 2
A92: 2 | C92: 0071876 | D92: FIN เฟส2 | E92: N3200NP00 | F92: 1 | H92: 2
A93: 3
A94: 4
A95: 5
A96: 6
A97: 7
A98: 8
A99: 9
A100: 10
...

Sheet 14
A1: บริษัท เอ็นเอ็นวาย แมททีเรียลส์ จำกัด
A2: รายงานการวิ่งรถประจำเดือน | F2: ='1'!$F$2 -> เมษายน | G2: ปี | H2: ='1'!$H$2 -> 2569
A3: เบอร์รถ…10.... | H3: หน้า | I3: 1
A4: ทะเบียนรถ …6010.... | E4: ตั้งแต่วันที่ | F4: ='1'!$F$4 -> 46107 | H4: ถึงวันที่ | I4: ='1'!$I$4 -> 46136
A5: ลำดับ | B5: วันที่ | C5: เลขที่เอกสาร | D5: หน่วยงาน | E5: สินค้า | F5: จำนวนเที่ยว | I5: หมายเหตุ
F6: 8.00-17.00 | G6: หลัง 17.00 | H6: (คิว)
A7: 1 | B7: ='9'!B7 -> 46107
A8: 2
A9: 3
A10: 4
A11: 5
A12: 6
A13: 7
A14: 8
A15: 9
A16: 10
A17: รวม | F17: =SUM(F7:F16) -> 0 | G17: =SUM(G7:G16) -> 0 | H17: =SUM(H7:H16) -> 0
A18: 1 | B18: =B7+1 -> 46108
A19: 2
A20: 3
A21: 4
A22: 5
A23: 6
A24: 7
A25: 8
A26: 9
A27: 10
A28: รวม | F28: =SUM(F18:F27) -> 0 | G28: =SUM(G18:G27) -> 0 | H28: =SUM(H18:H27) -> 0
A29: 1 | B29: =B18+1 -> 46109
A30: 2
A31: 3
A32: 4
A33: 5
A34: 6
A35: 7
A36: 8
A37: 9
A38: 10
A39: รวม | F39: =SUM(F29:F38) -> 0 | G39: =SUM(G29:G38) -> 0 | H39: =SUM(H29:H38) -> 0
A40: 1 | B40: =B29+1 -> 46110
A41: 2
A42: 3
A43: 4
A44: 5
A45: 6
A46: 7
A47: 8
A48: 9
A49: 10
A50: รวม | F50: =SUM(F40:F49) -> 0 | G50: =SUM(G40:G49) -> 0 | H50: =SUM(H40:H49) -> 0
A51: 1 | B51: =B40+1 -> 46111
A52: 2
A53: 3
A54: 4
A55: 5
A56: 6
A57: 7
A58: 8
A59: 9
A60: 10
A61: รวม | F61: =SUM(F51:F60) -> 0 | G61: =SUM(G51:G60) -> 0 | H61: =SUM(H51:H60) -> 0
A62: 1 | B62: =B51+1 -> 46112
A63: 2
A64: 3
A65: 4
A66: 5
A67: 6
A68: 7
A69: 8
A70: 9
A71: 10
A72: รวม | F72: =SUM(F62:F71) -> 0 | G72: =SUM(G62:G71) -> 0 | H72: =SUM(H62:H71) -> 0
A73: 1 | B73: =B62+1 -> 46113
A74: 2
A75: 3
A76: 4
A77: 5
A78: 6
A79: 7
A80: 8
A81: 9
A82: 10
A83: รวม | F83: =SUM(F73:F82) -> 0 | G83: =SUM(G73:G82) -> 0 | H83: =SUM(H73:H82) -> 0
A84: รวมสุทธิ | F84: =F17+F28+F39+F50+F61+F72+F83 -> 0 | G84: =G17+G28+G39+G50+G61+G72+G83 -> 0 | H84: =H17+H28+H39+H50+H61+H72+H83 -> 0
A85: บริษัท เอ็นเอ็นวาย แมททีเรียลส์ จำกัด
A86: รายงานการวิ่งรถประจำเดือน | F86: =F2 -> เมษายน | G86: ปี | H86: =H2 -> 2569
A87: เบอร์รถ…10.... | H87: หน้า | I87: =I3+1 -> 2
A88: ทะเบียนรถ …6010.... | E88: ตั้งแต่วันที่ | F88: =F4 -> 46107 | H88: ถึงวันที่ | I88: =I4 -> 46136
A89: ลำดับ | B89: วันที่ | C89: เลขที่เอกสาร | D89: หน่วยงาน | E89: สินค้า | F89: จำนวนเที่ยว | I89: หมายเหตุ
F90: 8.00-17.00 | G90: หลัง 17.00 | H90: (คิว)
A91: 1 | B91: =B73+1 -> 46114 | C91: 0071891 | D91: บริษัท ทีม ยูเนี่ยน | E91: N3201NP01 | F91: 1 | H91: 6
A92: 2
A93: 3
A94: 4
A95: 5
A96: 6
A97: 7
A98: 8
A99: 9
A100: 10
...

Sheet 15
A1: บริษัท เอ็นเอ็นวาย แมททีเรียลส์ จำกัด
A2: รายงานการวิ่งรถประจำเดือน | F2: ='1'!$F$2 -> เมษายน | G2: ปี | H2: ='1'!$H$2 -> 2569
A3: เบอร์รถ…10.... | H3: หน้า | I3: 1
A4: ทะเบียนรถ …6010.... | E4: ตั้งแต่วันที่ | F4: ='1'!$F$4 -> 46107 | H4: ถึงวันที่ | I4: ='1'!$I$4 -> 46136
A5: ลำดับ | B5: วันที่ | C5: เลขที่เอกสาร | D5: หน่วยงาน | E5: สินค้า | F5: จำนวนเที่ยว | I5: หมายเหตุ
F6: 8.00-17.00 | G6: หลัง 17.00 | H6: (คิว)
A7: 1 | B7: ='9'!B7 -> 46107
A8: 2
A9: 3
A10: 4
A11: 5
A12: 6
A13: 7
A14: 8
A15: 9
A16: 10
A17: รวม | F17: =SUM(F7:F16) -> 0 | G17: =SUM(G7:G16) -> 0 | H17: =SUM(H7:H16) -> 0
A18: 1 | B18: =B7+1 -> 46108
A19: 2
A20: 3
A21: 4
A22: 5
A23: 6
A24: 7
A25: 8
A26: 9
A27: 10
A28: รวม | F28: =SUM(F18:F27) -> 0 | G28: =SUM(G18:G27) -> 0 | H28: =SUM(H18:H27) -> 0
A29: 1 | B29: =B18+1 -> 46109
A30: 2
A31: 3
A32: 4
A33: 5
A34: 6
A35: 7
A36: 8
A37: 9
A38: 10
A39: รวม | F39: =SUM(F29:F38) -> 0 | G39: =SUM(G29:G38) -> 0 | H39: =SUM(H29:H38) -> 0
A40: 1 | B40: =B29+1 -> 46110
A41: 2
A42: 3
A43: 4
A44: 5
A45: 6
A46: 7
A47: 8
A48: 9
A49: 10
A50: รวม | F50: =SUM(F40:F49) -> 0 | G50: =SUM(G40:G49) -> 0 | H50: =SUM(H40:H49) -> 0
A51: 1 | B51: =B40+1 -> 46111
A52: 2
A53: 3
A54: 4
A55: 5
A56: 6
A57: 7
A58: 8
A59: 9
A60: 10
A61: รวม | F61: =SUM(F51:F60) -> 0 | G61: =SUM(G51:G60) -> 0 | H61: =SUM(H51:H60) -> 0
A62: 1 | B62: =B51+1 -> 46112
A63: 2
A64: 3
A65: 4
A66: 5
A67: 6
A68: 7
A69: 8
A70: 9
A71: 10
A72: รวม | F72: =SUM(F62:F71) -> 0 | G72: =SUM(G62:G71) -> 0 | H72: =SUM(H62:H71) -> 0
A73: 1 | B73: =B62+1 -> 46113
A74: 2
A75: 3
A76: 4
A77: 5
A78: 6
A79: 7
A80: 8
A81: 9
A82: 10
A83: รวม | F83: =SUM(F73:F82) -> 0 | G83: =SUM(G73:G82) -> 0 | H83: =SUM(H73:H82) -> 0
A84: รวมสุทธิ | F84: =F17+F28+F39+F50+F61+F72+F83 -> 0 | G84: =G17+G28+G39+G50+G61+G72+G83 -> 0 | H84: =H17+H28+H39+H50+H61+H72+H83 -> 0
A85: บริษัท เอ็นเอ็นวาย แมททีเรียลส์ จำกัด
A86: รายงานการวิ่งรถประจำเดือน | F86: =F2 -> เมษายน | G86: ปี | H86: =H2 -> 2569
A87: เบอร์รถ…10.... | H87: หน้า | I87: =I3+1 -> 2
A88: ทะเบียนรถ …6010.... | E88: ตั้งแต่วันที่ | F88: =F4 -> 46107 | H88: ถึงวันที่ | I88: =I4 -> 46136
A89: ลำดับ | B89: วันที่ | C89: เลขที่เอกสาร | D89: หน่วยงาน | E89: สินค้า | F89: จำนวนเที่ยว | I89: หมายเหตุ
F90: 8.00-17.00 | G90: หลัง 17.00 | H90: (คิว)
A91: 1 | B91: =B73+1 -> 46114
A92: 2
A93: 3
A94: 4
A95: 5
A96: 6
A97: 7
A98: 8
A99: 9
A100: 10
...

Sheet รถโม่เสริม
A1: บริษัท เอ็นเอ็นวาย แมททีเรียลส์ จำกัด
A2: รายงานการวิ่งรถประจำเดือน | F2: ='1'!$F$2 -> เมษายน | G2: ปี | H2: ='1'!$H$2 -> 2569
A3: เบอร์รถ….... | H3: หน้า | I3: 1
A4: ทะเบียนรถ ….... | E4: ตั้งแต่วันที่ | F4: ='1'!$F$4 -> 46107 | H4: ถึงวันที่ | I4: ='1'!$I$4 -> 46136
A5: ลำดับ | B5: วันที่ | C5: เลขที่เอกสาร | D5: หน่วยงาน | E5: สินค้า | F5: จำนวนเที่ยว | I5: หมายเหตุ
F6: 8.00-17.00 | G6: หลัง 17.00 | H6: (คิว)
A7: 1 | B7: ='10'!B7 -> 46107
A8: 2
A9: 3
A10: 4
A11: 5
A12: 6
A13: 7
A14: 8
A15: 9
A16: 10
A17: รวม | F17: =SUM(F7:F16) -> 0 | G17: =SUM(G7:G16) -> 0 | H17: =SUM(H7:H16) -> 0
A18: 1 | B18: =B7+1 -> 46108
A19: 2
A20: 3
A21: 4
A22: 5
A23: 6
A24: 7
A25: 8
A26: 9
A27: 10
A28: รวม | F28: =SUM(F18:F27) -> 0 | G28: =SUM(G18:G27) -> 0 | H28: =SUM(H18:H27) -> 0
A29: 1 | B29: =B18+1 -> 46109
A30: 2
A31: 3
A32: 4
A33: 5
A34: 6
A35: 7
A36: 8
A37: 9
A38: 10
A39: รวม | F39: =SUM(F29:F38) -> 0 | G39: =SUM(G29:G38) -> 0 | H39: =SUM(H29:H38) -> 0
A40: 1 | B40: =B29+1 -> 46110
A41: 2
A42: 3
A43: 4
A44: 5
A45: 6
A46: 7
A47: 8
A48: 9
A49: 10
A50: รวม | F50: =SUM(F40:F49) -> 0 | G50: =SUM(G40:G49) -> 0 | H50: =SUM(H40:H49) -> 0
A51: 1 | B51: =B40+1 -> 46111
A52: 2
A53: 3
A54: 4
A55: 5
A56: 6
A57: 7
A58: 8
A59: 9
A60: 10
A61: รวม | F61: =SUM(F51:F60) -> 0 | G61: =SUM(G51:G60) -> 0 | H61: =SUM(H51:H60) -> 0
A62: 1 | B62: =B51+1 -> 46112
A63: 2
A64: 3
A65: 4
A66: 5
A67: 6
A68: 7
A69: 8
A70: 9
A71: 10
A72: รวม | F72: =SUM(F62:F71) -> 0 | G72: =SUM(G62:G71) -> 0 | H72: =SUM(H62:H71) -> 0
A73: 1 | B73: =B62+1 -> 46113
A74: 2
A75: 3
A76: 4
A77: 5
A78: 6
A79: 7
A80: 8
A81: 9
A82: 10
A83: รวม | F83: =SUM(F73:F82) -> 0 | G83: =SUM(G73:G82) -> 0 | H83: =SUM(H73:H82) -> 0
A84: รวมสุทธิ | F84: =F17+F28+F39+F50+F61+F72+F83 -> 0 | G84: =G17+G28+G39+G50+G61+G72+G83 -> 0 | H84: =H17+H28+H39+H50+H61+H72+H83 -> 0
A85: บริษัท เอ็นเอ็นวาย แมททีเรียลส์ จำกัด
A86: รายงานการวิ่งรถประจำเดือน | F86: =F2 -> เมษายน | G86: ปี | H86: =H2 -> 2569
A87: เบอร์รถ…10.... | H87: หน้า | I87: =I3+1 -> 2
A88: ทะเบียนรถ …6010.... | E88: ตั้งแต่วันที่ | F88: =F4 -> 46107 | H88: ถึงวันที่ | I88: =I4 -> 46136
A89: ลำดับ | B89: วันที่ | C89: เลขที่เอกสาร | D89: หน่วยงาน | E89: สินค้า | F89: จำนวนเที่ยว | I89: หมายเหตุ
F90: 8.00-17.00 | G90: หลัง 17.00 | H90: (คิว)
A91: 1 | B91: =B73+1 -> 46114
A92: 2
A93: 3
A94: 4
A95: 5
A96: 6
A97: 7
A98: 8
A99: 9
A100: 10
...

Sheet Loader
A1: บริษัท เอ็นเอ็นวาย แมททีเรียลส์
A2: รายงานการวิ่งรถประจำเดือน เมษายน ปี 69
A3: รถ…Loader SANY... | D3: หน้า | E3: 1
A4: ทะเบียนรถ - | D4: เดือน | E4: 26/03/69 - 24/04/69
A5: ลำดับ | B5: วันที่ | C5: หน่วยงาน | D5: จำนวน | E5: หมายเหตุ
D6: (คิว)
A7: 1 | B7: ='1'!B7 -> 46107 | C7: เทพื้นภายใน | D7: =E7+E8 -> 311.5
C8: ส่งภายนอก | E8: 311.5
A9: 2 | B9: =B7+1 -> 46108 | C9: เทพื้นภายใน | D9: =E9+E10 -> 516
C10: ส่งภายนอก | E10: 516
A11: 3 | B11: =B9+1 -> 46109 | C11: เทพื้นภายใน | D11: =E11+E12 -> 167.25
C12: ส่งภายนอก | E12: 167.25
A13: 4 | B13: =B11+1 -> 46110 | C13: เทพื้นภายใน | D13: =E13+E14 -> 361.25
C14: ส่งภายนอก | E14: 361.25
A15: 5 | B15: =B13+1 -> 46111 | C15: เทพื้นภายใน | D15: =E15+E16 -> 413.75
C16: ส่งภายนอก | E16: 413.75
A17: 6 | B17: =B15+1 -> 46112 | C17: เทพื้นภายใน | D17: =E17+E18 -> 422.5
C18: ส่งภายนอก | E18: 422.5
A19: 7 | B19: =B17+1 -> 46113 | C19: เทพื้นภายใน | D19: =E19+E20 -> 241
C20: ส่งภายนอก | E20: 241
A21: 8 | B21: =B19+1 -> 46114 | C21: เทพื้นภายใน | D21: =E21+E22 -> 468.25
C22: ส่งภายนอก | E22: 468.25
A23: 9 | B23: =B21+1 -> 46115 | C23: เทพื้นภายใน | D23: =E23+E24 -> 609
C24: ส่งภายนอก | E24: 609
A25: 10 | B25: =B23+1 -> 46116 | C25: เทพื้นภายใน | D25: =E25+E26 -> 217
C26: ส่งภายนอก | E26: 217
A27: 11 | B27: =B25+1 -> 46117 | C27: เทพื้นภายใน | D27: =E27+E28 -> 354.75
C28: ส่งภายนอก | E28: 354.75
A29: 12 | B29: =B27+1 -> 46118 | C29: เทพื้นภายใน | D29: =E29+E30 -> 505.5
C30: ส่งภายนอก | E30: 505.5
A31: 13 | B31: =B29+1 -> 46119 | C31: เทพื้นภายใน | D31: =E31+E32 -> 369.75
C32: ส่งภายนอก | E32: 369.75
A33: 14 | B33: =B31+1 -> 46120 | C33: เทพื้นภายใน | D33: =E33+E34 -> 284
C34: ส่งภายนอก | E34: 284
A35: 15 | B35: =B33+1 -> 46121 | C35: เทพื้นภายใน | D35: =E35+E36 -> 322
C36: ส่งภายนอก | E36: 322
A37: 16 | B37: =B35+1 -> 46122 | C37: เทพื้นภายใน | D37: =E37+E38 -> 318.25
C38: ส่งภายนอก | E38: 318.25
A39: 17 | B39: =B37+1 -> 46123 | C39: เทพื้นภายใน | D39: =E39+E40 -> 251
C40: ส่งภายนอก | E40: 251
A41: รวม | D41: =SUM(D7:D40) -> 6132.75 | E41: =SUM(E7:E40) -> 6132.75
A44: บริษัท เอ็นเอ็นวาย แมททีเรียลส์
A45: =A2 -> รายงานการวิ่งรถประจำเดือน เมษายน ปี 69
A46: =A3 -> รถ…Loader SANY... | D46: หน้า | E46: =E3+1 -> 2
A47: =A4 -> ทะเบียนรถ - | D47: เดือน | E47: =E4 -> 26/03/69 - 24/04/69
A48: ลำดับ | B48: วันที่ | C48: หน่วยงาน | D48: จำนวน | E48: หมายเหตุ
D49: (คิว)
A50: 18 | B50: =B39+1 -> 46124 | C50: เทพื้นภายใน | D50: =E50+E51 -> 0
C51: ส่งภายนอก
A52: 19 | B52: =B50+1 -> 46125 | C52: เทพื้นภายใน | D52: =E52+E53 -> 0
C53: ส่งภายนอก
A54: 20 | B54: =B52+1 -> 46126 | C54: เทพื้นภายใน | D54: =E54+E55 -> 0
C55: ส่งภายนอก
A56: 21 | B56: =B54+1 -> 46127 | C56: เทพื้นภายใน | D56: =E56+E57 -> 0
C57: ส่งภายนอก
A58: 22 | B58: =B56+1 -> 46128 | C58: เทพื้นภายใน | D58: =E58+E59 -> 0
C59: ส่งภายนอก
A60: 23 | B60: =B58+1 -> 46129 | C60: เทพื้นภายใน | D60: =E60+E61 -> 0
C61: ส่งภายนอก
A62: 24 | B62: =B60+1 -> 46130 | C62: เทพื้นภายใน | D62: =E62+E63 -> 10
C63: ส่งภายนอก | E63: 10
A64: 25 | B64: =B62+1 -> 46131 | C64: เทพื้นภายใน | D64: =E64+E65 -> 60
C65: ส่งภายนอก | E65: 60
A66: 26 | B66: =B64+1 -> 46132 | C66: เทพื้นภายใน | D66: =E66+E67 -> 396.5
C67: ส่งภายนอก | E67: 396.5
A68: 27 | B68: =B66+1 -> 46133 | C68: เทพื้นภายใน | D68: =E68+E69 -> 523.5
C69: ส่งภายนอก | E69: 523.5
A70: 28 | B70: =B68+1 -> 46134 | C70: เทพื้นภายใน | D70: =E70+E71 -> 272.25
C71: ส่งภายนอก | E71: 272.25
A72: 29 | B72: =B70+1 -> 46135 | C72: เทพื้นภายใน | D72: =E72+E73 -> 479.5
C73: ส่งภายนอก | E73: 479.5
A74: 30 | B74: =B72+1 -> 46136 | C74: เทพื้นภายใน | D74: =E74+E75 -> 422.7 | E74: 1.2
C75: ส่งภายนอก | E75: 421.5
A76: 31 | B76: =B74+1 -> 46137 | C76: เทพื้นภายใน | D76: =E76+E77 -> 0
C77: ส่งภายนอก
A78: 32 | B78: =B76+1 -> 46138 | C78: เทพื้นภายใน | D78: =E78+E79 -> 0
C79: ส่งภายนอก
A80: 33 | B80: =B78+1 -> 46139 | C80: เทพื้นภายใน | D80: =E80+E81 -> 0
C81: ส่งภายนอก
A82: 34 | B82: =B80+1 -> 46140 | C82: เทพื้นภายใน | D82: =E82+E83 -> 0
C83: ส่งภายนอก
A84: 35 | B84: =B82+1 -> 46141 | C84: เทพื้นภายใน | D84: =E84+E85 -> 0
C85: ส่งภายนอก
A86: 36 | B86: =B84+1 -> 46142 | C86: เทพื้นภายใน | D86: =E86+E87 -> 0
C87: ส่งภายนอก
A88: รวม | D88: =SUM(D50:D79) -> 2164.45 | E88: =E41+SUM(E50:E87) -> 8297.2 | F88: =E88-468.25 -> 7828.95

Sheet รถน้ำ
A1: บริษัท เอ็นเอ็นวาย แมททีเรียลส์
A2: =Loader!A2 -> รายงานการวิ่งรถประจำเดือน เมษายน ปี 69
A3: รถ…รถน้ำ | D3: หน้า | E3: 1
A4: ทะเบียนรถ 54-8957 | D4: เดือน | E4: =Loader!E4 -> 26/03/69 - 24/04/69
A5: ลำดับ | B5: วันที่ | C5: หน่วยงาน | D5: จำนวน | E5: หมายเหตุ
D6: (คิว)
A7: 1 | B7: =Loader!B7 -> 46107 | C7: ใช้ภายในแพล้น | D7: =E7+E8 -> 7 | E7: 7
C8: ส่งภายนอก
A9: 2 | B9: =B7+1 -> 46108 | C9: ใช้ภายในแพล้น | D9: =E9+E10 -> 10 | E9: 10
C10: ส่งภายนอก
A11: 3 | B11: =B9+1 -> 46109 | C11: ใช้ภายในแพล้น | D11: =E11+E12 -> 13 | E11: 13
C12: ส่งภายนอก
A13: 4 | B13: =B11+1 -> 46110 | C13: ใช้ภายในแพล้น | D13: =E13+E14 -> 8 | E13: 8
C14: ส่งภายนอก
A15: 5 | B15: =B13+1 -> 46111 | C15: ใช้ภายในแพล้น | D15: =E15+E16 -> 11 | E15: 11
C16: ส่งภายนอก
A17: 6 | B17: =B15+1 -> 46112 | C17: ใช้ภายในแพล้น | D17: =E17+E18 -> 11 | E17: 11
C18: ส่งภายนอก
A19: 7 | B19: =B17+1 -> 46113 | C19: ใช้ภายในแพล้น | D19: =E19+E20 -> 7 | E19: 7
C20: ส่งภายนอก
A21: 8 | B21: =B19+1 -> 46114 | C21: ใช้ภายในแพล้น | D21: =E21+E22 -> 11 | E21: 11
C22: ส่งภายนอก
A23: 9 | B23: =B21+1 -> 46115 | C23: ใช้ภายในแพล้น | D23: =E23+E24 -> 17 | E23: 17
C24: ส่งภายนอก
A25: 10 | B25: =B23+1 -> 46116 | C25: ใช้ภายในแพล้น | D25: =E25+E26 -> 12 | E25: 12
C26: ส่งภายนอก
A27: 11 | B27: =B25+1 -> 46117 | C27: ใช้ภายในแพล้น | D27: =E27+E28 -> 10 | E27: 10
C28: ส่งภายนอก
A29: 12 | B29: =B27+1 -> 46118 | C29: ใช้ภายในแพล้น | D29: =E29+E30 -> 11 | E29: 11
C30: ส่งภายนอก
A31: 13 | B31: =B29+1 -> 46119 | C31: ใช้ภายในแพล้น | D31: =E31+E32 -> 14 | E31: 14
C32: ส่งภายนอก
A33: 14 | B33: =B31+1 -> 46120 | C33: ใช้ภายในแพล้น | D33: =E33+E34 -> 10 | E33: 10
C34: ส่งภายนอก
A35: 15 | B35: =B33+1 -> 46121 | C35: ใช้ภายในแพล้น | D35: =E35+E36 -> 11 | E35: 11
C36: ส่งภายนอก
A37: 16 | B37: =B35+1 -> 46122 | C37: ใช้ภายในแพล้น | D37: =E37+E38 -> 13 | E37: 13
C38: ส่งภายนอก
A39: 17 | B39: =B37+1 -> 46123 | C39: ใช้ภายในแพล้น | D39: =E39+E40 -> 10 | E39: 10
C40: ส่งภายนอก
A41: รวม | D41: =SUM(D7:D40) -> 186 | E41: =SUM(E7:E40) -> 186
A44: บริษัท เอ็นเอ็นวาย แมททีเรียลส์
A45: =A2 -> รายงานการวิ่งรถประจำเดือน เมษายน ปี 69
A46: =A3 -> รถ…รถน้ำ | D46: หน้า | E46: =E3+1 -> 2
A47: =A4 -> ทะเบียนรถ 54-8957 | D47: เดือน | E47: =E4 -> 26/03/69 - 24/04/69
A48: ลำดับ | B48: วันที่ | C48: หน่วยงาน | D48: จำนวน | E48: หมายเหตุ
D49: (คิว)
A50: 18 | B50: =B39+1 -> 46124 | C50: ใช้ภายในแพล้น | D50: =E50+E51 -> 0
C51: ส่งภายนอก
A52: 19 | B52: =B50+1 -> 46125 | C52: ใช้ภายในแพล้น | D52: =E52+E53 -> 0
C53: ส่งภายนอก
A54: 20 | B54: =B52+1 -> 46126 | C54: ใช้ภายในแพล้น | D54: =E54+E55 -> 0
C55: ส่งภายนอก
A56: 21 | B56: =B54+1 -> 46127 | C56: ใช้ภายในแพล้น | D56: =E56+E57 -> 0
C57: ส่งภายนอก
A58: 22 | B58: =B56+1 -> 46128 | C58: ใช้ภายในแพล้น | D58: =E58+E59 -> 0
C59: ส่งภายนอก
A60: 23 | B60: =B58+1 -> 46129 | C60: ใช้ภายในแพล้น | D60: =E60+E61 -> 0
C61: ส่งภายนอก
A62: 24 | B62: =B60+1 -> 46130 | C62: ใช้ภายในแพล้น | D62: =E62+E63 -> 7 | E62: 7
C63: ส่งภายนอก
A64: 25 | B64: =B62+1 -> 46131 | C64: ใช้ภายในแพล้น | D64: =E64+E65 -> 3 | E64: 3
C65: ส่งภายนอก
A66: 26 | B66: =B64+1 -> 46132 | C66: ใช้ภายในแพล้น | D66: =E66+E67 -> 7 | E66: 7
C67: ส่งภายนอก
A68: 27 | B68: =B66+1 -> 46133 | C68: ใช้ภายในแพล้น | D68: =E68+E69 -> 14 | E68: 14
C69: ส่งภายนอก
A70: 28 | B70: =B68+1 -> 46134 | C70: ใช้ภายในแพล้น | D70: =E70+E71 -> 10 | E70: 10
C71: ส่งภายนอก
A72: 29 | B72: =B70+1 -> 46135 | C72: ใช้ภายในแพล้น | D72: =E72+E73 -> 13 | E72: 13
C73: ส่งภายนอก
A74: 30 | B74: =B72+1 -> 46136 | C74: ใช้ภายในแพล้น | D74: =E74+E75 -> 7 | E74: 7
C75: ส่งภายนอก
A76: 31 | B76: =B74+1 -> 46137 | C76: ใช้ภายในแพล้น | D76: =E76+E77 -> 0
C77: ส่งภายนอก
A78: 32 | B78: =B76+1 -> 46138 | C78: ใช้ภายในแพล้น | D78: =E78+E79 -> 0
C79: ส่งภายนอก
A80: 33 | C80: ใช้ภายในแพล้น | D80: =E80+E81 -> 0
C81: ส่งภายนอก
A82: 34 | C82: ใช้ภายในแพล้น | D82: =E82+E83 -> 0
C83: ส่งภายนอก
A84: 35 | C84: ใช้ภายในแพล้น | D84: =E84+E85 -> 0
C85: ส่งภายนอก
A86: 36 | C86: ใช้ภายในแพล้น | D86: =E86+E87 -> 0
C87: ส่งภายนอก
A88: รวม | D88: =SUM(D50:D79) -> 61 | E88: =SUM(E50:E79)+E41 -> 247

Sheet เทรลเลอร์1
A1: บริษัท เอ็นเอ็นวาย แมททีเรียลส์
A2: =Loader!A2 -> รายงานการวิ่งรถประจำเดือน เมษายน ปี 69
A3: รถ…รถเทรลเลอรร์หัวลาก | D3: หน้า | E3: 1
A4: ทะเบียนรถ | D4: เดือน | E4: =Loader!E4 -> 26/03/69 - 24/04/69
A5: ลำดับ | B5: วันที่ | C5: หน่วยงาน | D5: จำนวน | E5: หมายเหตุ
D6: (คิว)
A7: 1 | B7: =Loader!B7 -> 46107 | C7: ขนส่งหิน | D7: =E7+E8 -> 3 | E7: 3
C8: ขนส่ง อื่นๆ
A9: 2 | B9: =B7+1 -> 46108 | C9: ขนส่งหิน | D9: =E9+E10 -> 3 | E9: 3
C10: ขนส่ง อื่นๆ
A11: 3 | B11: =B9+1 -> 46109 | C11: ขนส่งหิน | D11: =E11+E12 -> 3 | E11: 3
C12: ขนส่ง อื่นๆ
A13: 4 | B13: =B11+1 -> 46110 | C13: ขนส่งหิน | D13: =E13+E14 -> 2 | E13: 2
C14: ขนส่ง อื่นๆ
A15: 5 | B15: =B13+1 -> 46111 | C15: ขนส่งหิน | D15: =E15+E16 -> 2 | E15: 2
C16: ขนส่ง อื่นๆ
A17: 6 | B17: =B15+1 -> 46112 | C17: ขนส่งหิน | D17: =E17+E18 -> 3 | E17: 3
C18: ขนส่ง อื่นๆ
A19: 7 | B19: =B17+1 -> 46113 | C19: ขนส่งหิน | D19: =E19+E20 -> 2 | E19: 2
C20: ขนส่ง อื่นๆ
A21: 8 | B21: =B19+1 -> 46114 | C21: ขนส่งหิน | D21: =E21+E22 -> 3 | E21: 3
C22: ขนส่ง อื่นๆ
A23: 9 | B23: =B21+1 -> 46115 | C23: ขนส่งหิน | D23: =E23+E24 -> 0
C24: ขนส่ง อื่นๆ
A25: 10 | B25: =B23+1 -> 46116 | C25: ขนส่งหิน | D25: =E25+E26 -> 0
C26: ขนส่ง อื่นๆ
A27: 11 | B27: =B25+1 -> 46117 | C27: ขนส่งหิน | D27: =E27+E28 -> 0
C28: ขนส่ง อื่นๆ
A29: 12 | B29: =B27+1 -> 46118 | C29: ขนส่งหิน | D29: =E29+E30 -> 0
C30: ขนส่ง อื่นๆ
A31: 13 | B31: =B29+1 -> 46119 | C31: ขนส่งหิน | D31: =E31+E32 -> 0
C32: ขนส่ง อื่นๆ
A33: 14 | B33: =B31+1 -> 46120 | C33: ขนส่งหิน | D33: =E33+E34 -> 2 | E33: 2
C34: ขนส่ง อื่นๆ
A35: 15 | B35: =B33+1 -> 46121 | C35: ขนส่งหิน | D35: =E35+E36 -> 1 | E35: 1
C36: ขนส่ง อื่นๆ
A37: 16 | B37: =B35+1 -> 46122 | C37: ขนส่งหิน | D37: =E37+E38 -> 2 | E37: 2
C38: ขนส่ง อื่นๆ
A39: 17 | B39: =B37+1 -> 46123 | C39: ขนส่งหิน | D39: =E39+E40 -> 3 | E39: 3
C40: ขนส่ง อื่นๆ
A41: รวม | D41: =SUM(D7:D40) -> 29 | E41: =SUM(E7:E40) -> 29
A44: บริษัท เอ็นเอ็นวาย แมททีเรียลส์
A45: =A2 -> รายงานการวิ่งรถประจำเดือน เมษายน ปี 69
A46: =A3 -> รถ…รถเทรลเลอรร์หัวลาก | D46: หน้า | E46: =E3+1 -> 2
A47: =A4 -> ทะเบียนรถ | D47: เดือน | E47: =E4 -> 26/03/69 - 24/04/69
A48: ลำดับ | B48: วันที่ | C48: หน่วยงาน | D48: จำนวน | E48: หมายเหตุ
D49: (คิว)
A50: 18 | B50: =B39+1 -> 46124 | C50: ขนส่งหิน | D50: =E50+E51 -> 0
C51: ขนส่ง อื่นๆ
A52: 19 | B52: =B50+1 -> 46125 | C52: ขนส่งหิน | D52: =E52+E53 -> 0
C53: ขนส่ง อื่นๆ
A54: 20 | B54: =B52+1 -> 46126 | C54: ขนส่งหิน | D54: =E54+E55 -> 0
C55: ขนส่ง อื่นๆ
A56: 21 | B56: =B54+1 -> 46127 | C56: ขนส่งหิน | D56: =E56+E57 -> 0
C57: ขนส่ง อื่นๆ
A58: 22 | B58: =B56+1 -> 46128 | C58: ขนส่งหิน | D58: =E58+E59 -> 4 | E58: 4
C59: ขนส่ง อื่นๆ
A60: 23 | B60: =B58+1 -> 46129 | C60: ขนส่งหิน | D60: =E60+E61 -> 4 | E60: 4
C61: ขนส่ง อื่นๆ
A62: 24 | B62: =B60+1 -> 46130 | C62: ขนส่งหิน | D62: =E62+E63 -> 4 | E62: 4
C63: ขนส่ง อื่นๆ
A64: 25 | B64: =B62+1 -> 46131 | C64: ขนส่งหิน | D64: =E64+E65 -> 0
C65: ขนส่ง อื่นๆ
A66: 26 | B66: =B64+1 -> 46132 | C66: ขนส่งหิน | D66: =E66+E67 -> 3 | E66: 3
C67: ขนส่ง อื่นๆ
A68: 27 | B68: =B66+1 -> 46133 | C68: ขนส่งหิน | D68: =E68+E69 -> 3 | E68: 3
C69: ขนส่ง อื่นๆ
A70: 28 | B70: =B68+1 -> 46134 | C70: ขนส่งหิน | D70: =E70+E71 -> 3 | E70: 3
C71: ขนส่ง อื่นๆ
A72: 29 | B72: =B70+1 -> 46135 | C72: ขนส่งหิน | D72: =E72+E73 -> 4 | E72: 4
C73: ขนส่ง อื่นๆ
A74: 30 | B74: =B72+1 -> 46136 | C74: ขนส่งหิน | D74: =E74+E75 -> 4 | E74: 4
C75: ขนส่ง อื่นๆ
A76: 31 | B76: =B74+1 -> 46137 | C76: ขนส่งหิน | D76: =E76+E77 -> 0
C77: ขนส่ง อื่นๆ
A78: 32 | B78: =B76+1 -> 46138 | C78: ขนส่งหิน | D78: =E78+E79 -> 0
C79: ขนส่ง อื่นๆ
A80: 33 | C80: ขนส่งหิน | D80: =E80+E81 -> 0
C81: ขนส่ง อื่นๆ
A82: 34 | C82: ขนส่งหิน | D82: =E82+E83 -> 0
C83: ขนส่ง อื่นๆ
A84: 35 | C84: ขนส่งหิน | D84: =E84+E85 -> 0
C85: ขนส่ง อื่นๆ
A86: 36 | C86: ขนส่งหิน | D86: =E86+E87 -> 0
C87: ขนส่ง อื่นๆ
A88: รวม | D88: =SUM(D50:D79) -> 29 | E88: =SUM(E50:E79)+E41 -> 58

Sheet เทรลเลอร์2
A1: บริษัท เอ็นเอ็นวาย แมททีเรียลส์
A2: =เทรลเลอร์1!A2 -> รายงานการวิ่งรถประจำเดือน เมษายน ปี 69
A3: รถ…รถเทรลเลอรร์หัวลาก | D3: หน้า | E3: 1
A4: ทะเบียนรถ | D4: เดือน | E4: =Loader!E4 -> 26/03/69 - 24/04/69
A5: ลำดับ | B5: วันที่ | C5: หน่วยงาน | D5: จำนวน | E5: หมายเหตุ
D6: (คิว)
A7: 1 | B7: =Loader!B7 -> 46107 | C7: ขนส่งหิน | D7: =E7+E8 -> 0
C8: ขนส่ง อื่นๆ
A9: 2 | B9: =B7+1 -> 46108 | C9: ขนส่งหิน | D9: =E9+E10 -> 0
C10: ขนส่ง อื่นๆ
A11: 3 | B11: =B9+1 -> 46109 | C11: ขนส่งหิน | D11: =E11+E12 -> 0
C12: ขนส่ง อื่นๆ
A13: 4 | B13: =B11+1 -> 46110 | C13: ขนส่งหิน | D13: =E13+E14 -> 0
C14: ขนส่ง อื่นๆ
A15: 5 | B15: =B13+1 -> 46111 | C15: ขนส่งหิน | D15: =E15+E16 -> 0
C16: ขนส่ง อื่นๆ
A17: 6 | B17: =B15+1 -> 46112 | C17: ขนส่งหิน | D17: =E17+E18 -> 0
C18: ขนส่ง อื่นๆ
A19: 7 | B19: =B17+1 -> 46113 | C19: ขนส่งหิน | D19: =E19+E20 -> 0
C20: ขนส่ง อื่นๆ
A21: 8 | B21: =B19+1 -> 46114 | C21: ขนส่งหิน | D21: =E21+E22 -> 0
C22: ขนส่ง อื่นๆ
A23: 9 | B23: =B21+1 -> 46115 | C23: ขนส่งหิน | D23: =E23+E24 -> 3 | E23: 3
C24: ขนส่ง อื่นๆ
A25: 10 | B25: =B23+1 -> 46116 | C25: ขนส่งหิน | D25: =E25+E26 -> 3 | E25: 3
C26: ขนส่ง อื่นๆ
A27: 11 | B27: =B25+1 -> 46117 | C27: ขนส่งหิน | D27: =E27+E28 -> 3 | E27: 3
C28: ขนส่ง อื่นๆ
A29: 12 | B29: =B27+1 -> 46118 | C29: ขนส่งหิน | D29: =E29+E30 -> 2 | E29: 2
C30: ขนส่ง อื่นๆ
A31: 13 | B31: =B29+1 -> 46119 | C31: ขนส่งหิน | D31: =E31+E32 -> 2 | E31: 2
C32: ขนส่ง อื่นๆ
A33: 14 | B33: =B31+1 -> 46120 | C33: ขนส่งหิน | D33: =E33+E34 -> 0
C34: ขนส่ง อื่นๆ
A35: 15 | B35: =B33+1 -> 46121 | C35: ขนส่งหิน | D35: =E35+E36 -> 0
C36: ขนส่ง อื่นๆ
A37: 16 | B37: =B35+1 -> 46122 | C37: ขนส่งหิน | D37: =E37+E38 -> 0
C38: ขนส่ง อื่นๆ
A39: 17 | B39: =B37+1 -> 46123 | C39: ขนส่งหิน | D39: =E39+E40 -> 0
C40: ขนส่ง อื่นๆ
A41: รวม | D41: =SUM(D7:D40) -> 13 | E41: =SUM(E7:E40) -> 13
A44: บริษัท เอ็นเอ็นวาย แมททีเรียลส์
A45: =A2 -> รายงานการวิ่งรถประจำเดือน เมษายน ปี 69
A46: =A3 -> รถ…รถเทรลเลอรร์หัวลาก | D46: หน้า | E46: =E3+1 -> 2
A47: =A4 -> ทะเบียนรถ | D47: เดือน | E47: =E4 -> 26/03/69 - 24/04/69
A48: ลำดับ | B48: วันที่ | C48: หน่วยงาน | D48: จำนวน | E48: หมายเหตุ
D49: (คิว)
A50: 18 | B50: =B39+1 -> 46124 | C50: ขนส่งหิน | D50: =E50+E51 -> 0
C51: ขนส่ง อื่นๆ
A52: 19 | B52: =B50+1 -> 46125 | C52: ขนส่งหิน | D52: =E52+E53 -> 0
C53: ขนส่ง อื่นๆ
A54: 20 | B54: =B52+1 -> 46126 | C54: ขนส่งหิน | D54: =E54+E55 -> 0
C55: ขนส่ง อื่นๆ
A56: 21 | B56: =B54+1 -> 46127 | C56: ขนส่งหิน | D56: =E56+E57 -> 0
C57: ขนส่ง อื่นๆ
A58: 22 | B58: =B56+1 -> 46128 | C58: ขนส่งหิน | D58: =E58+E59 -> 0
C59: ขนส่ง อื่นๆ
A60: 23 | B60: =B58+1 -> 46129 | C60: ขนส่งหิน | D60: =E60+E61 -> 0
C61: ขนส่ง อื่นๆ
A62: 24 | B62: =B60+1 -> 46130 | C62: ขนส่งหิน | D62: =E62+E63 -> 0
C63: ขนส่ง อื่นๆ
A64: 25 | B64: =B62+1 -> 46131 | C64: ขนส่งหิน | D64: =E64+E65 -> 0
C65: ขนส่ง อื่นๆ
A66: 26 | B66: =B64+1 -> 46132 | C66: ขนส่งหิน | D66: =E66+E67 -> 0
C67: ขนส่ง อื่นๆ
A68: 27 | B68: =B66+1 -> 46133 | C68: ขนส่งหิน | D68: =E68+E69 -> 0
C69: ขนส่ง อื่นๆ
A70: 28 | B70: =B68+1 -> 46134 | C70: ขนส่งหิน | D70: =E70+E71 -> 0
C71: ขนส่ง อื่นๆ
A72: 29 | B72: =B70+1 -> 46135 | C72: ขนส่งหิน | D72: =E72+E73 -> 0
C73: ขนส่ง อื่นๆ
A74: 30 | B74: =B72+1 -> 46136 | C74: ขนส่งหิน | D74: =E74+E75 -> 0
C75: ขนส่ง อื่นๆ
A76: 31 | B76: =B74+1 -> 46137 | C76: ขนส่งหิน | D76: =E76+E77 -> 0
C77: ขนส่ง อื่นๆ
A78: 32 | B78: =B76+1 -> 46138 | C78: ขนส่งหิน | D78: =E78+E79 -> 0
C79: ขนส่ง อื่นๆ
A80: 33 | C80: ขนส่งหิน | D80: =E80+E81 -> 0
C81: ขนส่ง อื่นๆ
A82: 34 | C82: ขนส่งหิน | D82: =E82+E83 -> 0
C83: ขนส่ง อื่นๆ
A84: 35 | C84: ขนส่งหิน | D84: =E84+E85 -> 0
C85: ขนส่ง อื่นๆ
A86: 36 | C86: ขนส่งหิน | D86: =E86+E87 -> 0
C87: ขนส่ง อื่นๆ
A88: รวม | D88: =SUM(D50:D79) -> 0 | E88: =SUM(E50:E79)+E41 -> 13

Sheet เทรลเลอร์3
A1: บริษัท เอ็นเอ็นวาย แมททีเรียลส์
A2: =เทรลเลอร์1!A2 -> รายงานการวิ่งรถประจำเดือน เมษายน ปี 69
A3: รถ…รถเทรลเลอรร์หัวลาก | D3: หน้า | E3: 1
A4: ทะเบียนรถ | D4: เดือน | E4: =Loader!E4 -> 26/03/69 - 24/04/69
A5: ลำดับ | B5: วันที่ | C5: หน่วยงาน | D5: จำนวน | E5: หมายเหตุ
D6: (คิว)
A7: 1 | B7: =Loader!B7 -> 46107 | C7: ขนส่งหิน | D7: =E7+E8 -> 0
C8: ขนส่ง อื่นๆ
A9: 2 | B9: =B7+1 -> 46108 | C9: ขนส่งหิน | D9: =E9+E10 -> 0
C10: ขนส่ง อื่นๆ
A11: 3 | B11: =B9+1 -> 46109 | C11: ขนส่งหิน | D11: =E11+E12 -> 0
C12: ขนส่ง อื่นๆ
A13: 4 | B13: =B11+1 -> 46110 | C13: ขนส่งหิน | D13: =E13+E14 -> 0
C14: ขนส่ง อื่นๆ
A15: 5 | B15: =B13+1 -> 46111 | C15: ขนส่งหิน | D15: =E15+E16 -> 0
C16: ขนส่ง อื่นๆ
A17: 6 | B17: =B15+1 -> 46112 | C17: ขนส่งหิน | D17: =E17+E18 -> 0
C18: ขนส่ง อื่นๆ
A19: 7 | B19: =B17+1 -> 46113 | C19: ขนส่งหิน | D19: =E19+E20 -> 0
C20: ขนส่ง อื่นๆ
A21: 8 | B21: =B19+1 -> 46114 | C21: ขนส่งหิน | D21: =E21+E22 -> 0
C22: ขนส่ง อื่นๆ
A23: 9 | B23: =B21+1 -> 46115 | C23: ขนส่งหิน | D23: =E23+E24 -> 0
C24: ขนส่ง อื่นๆ
A25: 10 | B25: =B23+1 -> 46116 | C25: ขนส่งหิน | D25: =E25+E26 -> 0
C26: ขนส่ง อื่นๆ
A27: 11 | B27: =B25+1 -> 46117 | C27: ขนส่งหิน | D27: =E27+E28 -> 0
C28: ขนส่ง อื่นๆ
A29: 12 | B29: =B27+1 -> 46118 | C29: ขนส่งหิน | D29: =E29+E30 -> 0
C30: ขนส่ง อื่นๆ
A31: 13 | B31: =B29+1 -> 46119 | C31: ขนส่งหิน | D31: =E31+E32 -> 0
C32: ขนส่ง อื่นๆ
A33: 14 | B33: =B31+1 -> 46120 | C33: ขนส่งหิน | D33: =E33+E34 -> 0
C34: ขนส่ง อื่นๆ
A35: 15 | B35: =B33+1 -> 46121 | C35: ขนส่งหิน | D35: =E35+E36 -> 0
C36: ขนส่ง อื่นๆ
A37: 16 | B37: =B35+1 -> 46122 | C37: ขนส่งหิน | D37: =E37+E38 -> 0
C38: ขนส่ง อื่นๆ
A39: 17 | B39: =B37+1 -> 46123 | C39: ขนส่งหิน | D39: =E39+E40 -> 0
C40: ขนส่ง อื่นๆ
A41: รวม | D41: =SUM(D7:D40) -> 0 | E41: =SUM(E7:E40) -> 0
A44: บริษัท เอ็นเอ็นวาย แมททีเรียลส์
A45: =A2 -> รายงานการวิ่งรถประจำเดือน เมษายน ปี 69
A46: =A3 -> รถ…รถเทรลเลอรร์หัวลาก | D46: หน้า | E46: =E3+1 -> 2
A47: =A4 -> ทะเบียนรถ | D47: เดือน | E47: =E4 -> 26/03/69 - 24/04/69
A48: ลำดับ | B48: วันที่ | C48: หน่วยงาน | D48: จำนวน | E48: หมายเหตุ
D49: (คิว)
A50: 18 | B50: =B39+1 -> 46124 | C50: ขนส่งหิน | D50: =E50+E51 -> 0
C51: ขนส่ง อื่นๆ
A52: 19 | B52: =B50+1 -> 46125 | C52: ขนส่งหิน | D52: =E52+E53 -> 0
C53: ขนส่ง อื่นๆ
A54: 20 | B54: =B52+1 -> 46126 | C54: ขนส่งหิน | D54: =E54+E55 -> 0
C55: ขนส่ง อื่นๆ
A56: 21 | B56: =B54+1 -> 46127 | C56: ขนส่งหิน | D56: =E56+E57 -> 0
C57: ขนส่ง อื่นๆ
A58: 22 | B58: =B56+1 -> 46128 | C58: ขนส่งหิน | D58: =E58+E59 -> 0
C59: ขนส่ง อื่นๆ
A60: 23 | B60: =B58+1 -> 46129 | C60: ขนส่งหิน | D60: =E60+E61 -> 0
C61: ขนส่ง อื่นๆ
A62: 24 | B62: =B60+1 -> 46130 | C62: ขนส่งหิน | D62: =E62+E63 -> 0
C63: ขนส่ง อื่นๆ
A64: 25 | B64: =B62+1 -> 46131 | C64: ขนส่งหิน | D64: =E64+E65 -> 0
C65: ขนส่ง อื่นๆ
A66: 26 | B66: =B64+1 -> 46132 | C66: ขนส่งหิน | D66: =E66+E67 -> 0
C67: ขนส่ง อื่นๆ
A68: 27 | B68: =B66+1 -> 46133 | C68: ขนส่งหิน | D68: =E68+E69 -> 0
C69: ขนส่ง อื่นๆ
A70: 28 | B70: =B68+1 -> 46134 | C70: ขนส่งหิน | D70: =E70+E71 -> 0
C71: ขนส่ง อื่นๆ
A72: 29 | B72: =B70+1 -> 46135 | C72: ขนส่งหิน | D72: =E72+E73 -> 0
C73: ขนส่ง อื่นๆ
A74: 30 | B74: =B72+1 -> 46136 | C74: ขนส่งหิน | D74: =E74+E75 -> 0
C75: ขนส่ง อื่นๆ
A76: 31 | B76: =B74+1 -> 46137 | C76: ขนส่งหิน | D76: =E76+E77 -> 0
C77: ขนส่ง อื่นๆ
A78: 32 | B78: =B76+1 -> 46138 | C78: ขนส่งหิน | D78: =E78+E79 -> 0
C79: ขนส่ง อื่นๆ
A80: 33 | C80: ขนส่งหิน | D80: =E80+E81 -> 0
C81: ขนส่ง อื่นๆ
A82: 34 | C82: ขนส่งหิน | D82: =E82+E83 -> 0
C83: ขนส่ง อื่นๆ
A84: 35 | C84: ขนส่งหิน | D84: =E84+E85 -> 0
C85: ขนส่ง อื่นๆ
A86: 36 | C86: ขนส่งหิน | D86: =E86+E87 -> 0
C87: ขนส่ง อื่นๆ
A88: รวม | D88: =SUM(D50:D79) -> 0 | E88: =SUM(E50:E79)+E41 -> 0

Sheet เซลล์ (งานเครดิต)
A1: บริษัท เอ็นเอ็นวาย แมททีเรียลส์ จำกัด
A2: รายงานการสรุปยอดขายของพนักงานขายประจำเดือน เมษายน ปี 2569
A3: พนักงานขาย นายอำนาจ ชัยประภา | G3: หน้า | H3: 1
F4: ='1'!F4:G4 -> 46107 | G4: ถึงวันที่ | H4: ='1'!I4 -> 46136
A5: ลำดับ | B5: วันที่ | C5: เลขที่เอกสาร | D5: ลูกค้า | E5: หน่วยงาน | F5: สินค้า | G5: จำนวน | H5: หมายเหตุ
G6: (คิว)
A7: 1 | B7: =รถน้ำ!B7:B8 -> 46107 | D7: บจก.หู่เฟิง เอ็นจิเนียริ่ง | E7: โครงการ Joinehands 4 ซอย 6 สาย 11 | F7: N0000NP00 | G7: 2
A8: 2 | D8: บจก.หู่เฟิง เอ็นจิเนียริ่ง | E8: โครงการ Joinehands 4 ซอย 6 สาย 11 | F8: N3200NP00A | G8: 5
A9: 3 | D9: บจก จิงกง คอนสตรัคชั่น (ประเทศไทย) จำกัด | E9: Thaiya | F9: N1800NP00A | G9: 11
A10: 4 | D10: บจก จิงกง คอนสตรัคชั่น (ประเทศไทย) จำกัด | E10: Thaiya | F10: N2800NP00A | G10: 3
A11: 5 | D11: บริษัท โหลงไท่อินเตอร์เนชั่นแนล จำกัด | E11: โรงงาน FIN เฟส 2 | F11: N3200NP00A | G11: 12.5
A12: 6 | D12: บจก.เอ็นวี นิว วิชั่น | E12: สร้างโรงงานซอย 13 | F12: N3200NP00A | G12: 72
A13: 7
A14: รวม | G14: =SUM(G7:G13) -> 105.5
A15: 1 | B15: =B7+1 -> 46108 | D15: บจก.หู่เฟิง เอ็นจิเนียริ่ง | E15: โครงการ Joinehands 4 ซอย 6 สาย 11 | F15: N0000NP00 | G15: 2
A16: 2 | D16: บจก.หู่เฟิง เอ็นจิเนียริ่ง | E16: โครงการ Joinehands 4 ซอย 6 สาย 11 | F16: N3200NP00A | G16: 5
A17: 3 | D17: บจก จิงกง คอนสตรัคชั่น (ประเทศไทย) จำกัด | E17: Thaiya | F17: N3200NP00A | G17: 10
A18: 4 | D18: บจก.เซล คอนสตรัคชั่น แอนด์ ดีเวลลอปเมนท์ กรุ๊ป | E18: โครงการ TECHSTRONG ซอย 7 | F18: N0000NP05 | G18: 1
A19: 5 | D19: บจก.เซล คอนสตรัคชั่น แอนด์ ดีเวลลอปเมนท์ กรุ๊ป | E19: โครงการ TECHSTRONG ซอย 7 | F19: N3201NP01A | G19: 172
A20: 6 | D20: บริษัท โหลงไท่อินเตอร์เนชั่นแนล จำกัด | E20: โครงการนิวเทรนด์ ฟู๊ด เฟส 2 | F20: N0000NP05 | G20: 10
A21: 7 | D21: บริษัท โหลงไท่อินเตอร์เนชั่นแนล จำกัด | E21: โครงการนิวเทรนด์ ฟู๊ด เฟส 2 | F21: N3201NP01A | G21: 1.5
A22: 8 | D22: บจก สุขนภา 2025 | E22: ซอย 14 สาย 13 | F22: N2400NP00A | G22: 22
A23: 9 | D23: บจก.เอ็นวี นิว วิชั่น | E23: สร้างโรงงานซอย 13 | F23: N2400NP00A | G23: 4
A24: รวม | G24: =SUM(G15:G23) -> 227.5
A25: 1 | B25: =B15+1 -> 46109 | D25: บจก.วิธา | E25: โครงการวาเลย์ เฮาส์ | F25: N2400NP00A | G25: 9.5
A26: 2
A27: 3
A28: 4
A29: 5
A30: 6
A31: 7
A32: รวม | G32: =SUM(G25:G31) -> 9.5
A33: 1 | B33: =B25+1 -> 46110 | D33: บจก.หู่เฟิง เอ็นจิเนียริ่ง | E33: โครงการ Joinehands 4 ซอย 6 สาย 11 | F33: N0000NP00 | G33: 15
A34: 2 | D34: บจก.หู่เฟิง เอ็นจิเนียริ่ง | E34: โครงการ Joinehands 4 ซอย 6 สาย 11 | F34: N3200NP00A | G34: 8
A35: 3 | D35: บจก จิงกง คอนสตรัคชั่น (ประเทศไทย) จำกัด | E35: Thaiya | F35: N3200NP00A | G35: 10
A36: 4 | D36: บจก.เซล คอนสตรัคชั่น แอนด์ ดีเวลลอปเมนท์ กรุ๊ป | E36: โครงการ TECHSTRONG ซอย 7 | F36: N0000NP05 | G36: 1
A37: 5 | D37: บจก.เซล คอนสตรัคชั่น แอนด์ ดีเวลลอปเมนท์ กรุ๊ป | E37: โครงการ TECHSTRONG ซอย 7 | F37: N3201NP01A | G37: 174.5
A38: 6 | D38: บริษัท โหลงไท่อินเตอร์เนชั่นแนล จำกัด | E38: โครงการนิวเทรนด์ ฟู๊ด เฟส 2 | F38: N3201NP01A | G38: 18
A39: 7
A40: รวม | G40: =SUM(G33:G39) -> 226.5
A41: รวมสุทธิ | G41: =G14+G24+G32+G40 -> 569
A44: บริษัท เอ็นเอ็นวาย แมททีเรียลส์ จำกัด
A45: =A2 -> รายงานการสรุปยอดขายของพนักงานขายประจำเดือน เมษายน ปี 2569
A46: =$A$3 -> พนักงานขาย นายอำนาจ ชัยประภา | G46: หน้า | H46: =H3+1 -> 2
F47: =$F$4 -> 46107 | G47: ถึงวันที่ | H47: =$H$4 -> 46136
A48: ลำดับ | B48: วันที่ | C48: เลขที่เอกสาร | D48: ลูกค้า | E48: หน่วยงาน | F48: สินค้า | G48: จำนวน | H48: หมายเหตุ
G49: (คิว)
A50: 1 | B50: =B33+1 -> 46111 | D50: บจก.หู่เฟิง เอ็นจิเนียริ่ง | E50: โครงการ Joinehands 4 ซอย 6 สาย 11 | F50: N0000NP00 | G50: 10
A51: 2 | D51: บจก จิงกง คอนสตรัคชั่น (ประเทศไทย) จำกัด | E51: Thaiya | F51: N3200NP00A | G51: 6
A52: 3 | D52: บจก.วิธา | E52: โครงการวาเลย์ เฮาส์ | F52: N2400WP00A | G52: 18
A53: 4 | D53: บจก สุขนภา 2025 | E53: ซอย 14 สาย 13 | F53: N2400NP00A | G53: 3
A54: 5 | D54: บจก.เอ็นวี นิว วิชั่น | E54: สร้างโรงงานซอย 13 | F54: N0000NP00 | G54: 3.5
A55: 6
A56: 7
A57: รวม | G57: =SUM(G50:G56) -> 40.5
A58: 1 | B58: =B50+1 -> 46112 | D58: บจก.หู่เฟิง เอ็นจิเนียริ่ง | E58: โครงการ BAOFENG | F58: N3200NP00A | G58: 1.5
A59: 2 | D59: บริษัท โหลงไท่อินเตอร์เนชั่นแนล จำกัด | E59: โครงการนิวเทรนด์ ฟู๊ด | F59: N0000NP00 | G59: 5
A60: 3 | D60: บจก.เอ็นวี นิว วิชั่น | E60: สร้างโรงงานซอย 13 | F60: N3200NP00A | G60: 38
A61: 4
A62: 5
A63: 6
A64: 7
A65: 8
A66: รวม | G66: =SUM(G58:G65) -> 44.5
A67: 1 | B67: =B58+1 -> 46113 | D67: บจก จิงกง คอนสตรัคชั่น (ประเทศไทย) จำกัด | E67: Thaiya | F67: N3200NP00A | G67: 134
A68: 2 | D68: บริษัท โหลงไท่อินเตอร์เนชั่นแนล จำกัด | E68: โครงการนิวเทรนด์ ฟู๊ด เฟส 2 | F68: N3201NP01A | G68: 2
A69: 3 | D69: บจก.เอ็นวี นิว วิชั่น | E69: สร้างโรงงานซอย 13 | F69: N0000NP00 | G69: 4
A70: 4 | D70: บจก.หู่เฟิง เอ็นจิเนียริ่ง | E70: โครงการ Joinehands 4 ซอย 6 สาย 11 | F70: N3200NP00A | G70: 6.5
A71: 5 | D71: บจก.หู่เฟิง เอ็นจิเนียริ่ง | E71: โครงการ Joinehands 4 ซอย 6 สาย 11 | F71: N3200WP00A | G71: 12
A72: 6
A73: 7
A74: 8
A75: 9
A76: รวม | G76: =SUM(G67:G75) -> 158.5
A77: 1 | B77: =B67+1 -> 46114 | D77: บจก.หู่เฟิง เอ็นจิเนียริ่ง | E77: โครงการ Joinehands 4 ซอย 6 สาย 11 | F77: N0000NP00 | G77: 10
A78: 2 | D78: บจก จิงกง คอนสตรัคชั่น (ประเทศไทย) จำกัด | E78: Thaiya | F78: N3200NP00A | G78: 26
A79: 3 | D79: บจก.วิธา | E79: โครงการวาเลย์ เฮาส์ | F79: N2400NP00A | G79: 3
A80: 4 | D80: บริษัท โหลงไท่อินเตอร์เนชั่นแนล จำกัด | E80: โรงงาน FIN เฟส 2 | F80: N3200NP00A | G80: 2
A81: 5
A82: 6
A83: 7
A84: 8
A85: รวม | G85: =SUM(G77:G84) -> 41
A86: รวมสุทธิ | G86: =G57+G66+G76+G85 -> 284.5
A89: บริษัท เอ็นเอ็นวาย แมททีเรียลส์ จำกัด
A90: =A45 -> รายงานการสรุปยอดขายของพนักงานขายประจำเดือน เมษายน ปี 2569
A91: =$A$3 -> พนักงานขาย นายอำนาจ ชัยประภา | G91: หน้า | H91: =H46+1 -> 3
F92: =$F$4 -> 46107 | G92: ถึงวันที่ | H92: =$H$4 -> 46136
A93: ลำดับ | B93: วันที่ | C93: เลขที่เอกสาร | D93: ลูกค้า | E93: หน่วยงาน | F93: สินค้า | G93: จำนวน | H93: หมายเหตุ
G94: (คิว)
A95: 1 | B95: =B77+1 -> 46115 | D95: บจก.วิธา | E95: โครงการวาเลย์ เฮาส์ | F95: N2400NP00A | G95: 3
A96: 2 | D96: บริษัท โหลงไท่อินเตอร์เนชั่นแนล จำกัด | E96: โรงงาน FIN เฟส 2 | F96: N3200NP00A | G96: 2
A97: 3 | D97: บจก.เอ็นวี นิว วิชั่น | E97: สร้างโรงงานซอย 13 | F97: N3200NP00A | G97: 19
A98: 4
A99: 5
A100: 6
A101: 7
A102: รวม | G102: =SUM(G95:G101) -> 24
A103: 1 | B103: =B95+1 -> 46116 | D103: บจก.หู่เฟิง เอ็นจิเนียริ่ง | E103: โครงการ Joinehands 4 ซอย 6 สาย 11 | F103: N0000NP00 | G103: 10
A104: 2 | D104: บจก จิงกง คอนสตรัคชั่น (ประเทศไทย) จำกัด | E104: Thaiya | F104: N2800NP00A | G104: 6
...

Sheet เซลล์ (งานเงินสด)
A1: บริษัท เอ็นเอ็นวาย แมททีเรียลส์ จำกัด
A2: ='เซลล์ (งานเครดิต)'!A2:H2 -> รายงานการสรุปยอดขายของพนักงานขายประจำเดือน เมษายน ปี 2569
A3: พนักงานขาย นายอำนาจ ชัยประภา | G3: หน้า | H3: 1
F4: ='เซลล์ (งานเครดิต)'!F4 -> 46107 | G4: ถึงวันที่ | H4: ='เซลล์ (งานเครดิต)'!H4 -> 46136
A5: ลำดับ | B5: วันที่ | C5: เลขที่เอกสาร | D5: ลูกค้า | E5: หน่วยงาน | F5: สินค้า | G5: จำนวน | H5: หมายเหตุ
G6: (คิว)
A7: 1 | B7: ='เซลล์ (งานเครดิต)'!B7 -> 46107 | D7: คุณธนกร ศรีพุทธา | E7: ซอย 14 สาย 15 | F7: N3000NP00A | G7: 5.5
A8: 2 | D8: บจก.เอ็นที พร็อพเพอร์ตี้ 2021 | E8: โครงการ ซอย 12 สาย 15 (ร้านกาแฟ) | F8: N2400NP00A | G8: 4
A9: 3 | D9: คุณกวิน อ้นขวัญเมือง | E9: ซอย 8 สาย 15 | F9: N2400NP00A | G9: 3
A10: 4 | D10: บจก.หอพักสาย19 เพลส | E10: อพาร์ทเม้นท์ซอย 13 สาย 19 | F10: N3201NP01A | G10: 5
A11: 5
A12: 6
A13: 7
A14: 8
A15: 9
A16: รวม | G16: =SUM(G7:G15) -> 17.5
A17: 1 | B17: =B7+1 -> 46108 | D17: บจก.ชัชนา พร็อพเพอร์ตี้ | E17: โครงการซอย 13 สาย 11 | F17: N2400NP00A | G17: 16
A18: 2 | D18: หจก.นัชชา คอนสตรัคชั่น | E18: สร้างห้องเช่า ซอย 13 สาย 19 | F18: N2400NP00A | G18: 15
A19: 3
A20: 4
A21: 5
A22: 6
A23: 7
A24: 8
A25: รวม | G25: =SUM(G17:G24) -> 31
A26: 1 | B26: =B17+1 -> 46109 | D26: บจก.ช.วิรัตน์ รุ่งเรืองก่อสร้าง | E26: โครงการ ซอย 12 สาย 15 (หมู่บ้านอุดมสุข) | F26: N2400NP00A | G26: 3
A27: 2 | D27: บจก.ชัชนา พร็อพเพอร์ตี้ | E27: โครงการซอย 13 สาย 11 | F27: N2400NP00A | G27: 16
A28: 3 | D28: บจก.ช.วิรัตน์ รุ่งเรืองก่อสร้าง | E28: ตลาดเช้าซอย 13 สาย 13 | F28: N2400NP00A | G28: 4
A29: 4 | D29: บจก.หลู่ไท่ คอนสตรั๊คชั่น | E29: โรงงาน คิวไทย CPGC | F29: N3200NP00A | G29: 30.5
A30: 5 | D30: บจก.หลู่ไท่ คอนสตรั๊คชั่น | E30: โรงงานเกมบอลอมตะซิตี้ | F30: N3200NP00A | G30: 2.5
A31: 6 | D31: บจก.ปิยะมณี แลนด์แอนด์เฮ้าส์ | E31: สร้างโกดังซอย 6 สาย 13 | F31: N3000NP00A | G31: 16.5
A32: 7 | D32: หจก.นัชชา คอนสตรัคชั่น | E32: สร้างห้องเช่า ซอย 13 สาย 19 | F32: N2400NP00A | G32: 21.5
A33: 8 | D33: บจก.ไทย สตีล คอนสตรัคเจอร์ คอนสตรัคชั่น | E33: สร้างออฟฟิศแคมป์คนงานซอย 13 สาย 19 | F33: N1800NP00A | G33: 6
A34: 9 | D34: บจก.ไทย สตีล คอนสตรัคเจอร์ คอนสตรัคชั่น | E34: สร้างออฟฟิศแคมป์คนงานซอย 13 สาย 19 | F34: N3200NP00A | G34: 27
A35: 10
A36: รวม | G36: =SUM(G26:G35) -> 127
A37: 1 | B37: =B26+1 -> 46110 | D37: คุณธนกร ศรีพุทธา | E37: ซอย 12 สาย 15 | F37: N3000NP00A | G37: 2.5
A38: 2 | D38: คุณสุมาลี ปัญญาคำ | E38: ซอย 12 สาย 19 (คุณสุมาลี) | F38: N2400NP00A | G38: 3
A39: 3 | D39: คุณวสันต์ สันลี | E39: ซอย 3 | F39: N2400NP00A | G39: 4.5
A40: 4 | D40: บจก.หงส์อัน เอ็นจิเนียริ่ง | E40: โรงงานอะซิมโคนิคมอมตะซิตี้ | F40: N3200NP00A | G40: 105.5
A41: 5
A42: 6
A43: 7
A44: 8
A45: รวม | G45: =SUM(G37:G44) -> 115.5
A46: รวมสุทธิ | G46: =G16+G25+G36+G45 -> 291
A49: บริษัท เอ็นเอ็นวาย แมททีเรียลส์ จำกัด
A50: =A2 -> รายงานการสรุปยอดขายของพนักงานขายประจำเดือน เมษายน ปี 2569
A51: =$A$3 -> พนักงานขาย นายอำนาจ ชัยประภา | G51: หน้า | H51: =H3+1 -> 2
F52: =$F$4 -> 46107 | G52: ถึงวันที่ | H52: =$H$4 -> 46136
A53: ลำดับ | B53: วันที่ | C53: เลขที่เอกสาร | D53: ลูกค้า | E53: หน่วยงาน | F53: สินค้า | G53: จำนวน | H53: หมายเหตุ
G54: (คิว)
A55: 1 | B55: =B37+1 -> 46111 | D55: บจก.เฟยจิน (อินเตอร์เนชั่นแนล) | E55: YUBO ELECTRONICS ซอย 10 | F55: N3200NP00A | G55: 44
A56: 2 | D56: บจก.ช.วิรัตน์ รุ่งเรืองก่อสร้าง | E56: โครงการ ซอย 12 สาย 15 (หมู่บ้านอุดมสุข) | F56: N2400NP00A | G56: 8
A57: 3 | D57: บจก.มั่นคงไพศาลสิน | E57: โครงการเนเชอรัล | F57: N2400NP00A | G57: 3.5
A58: 4 | D58: บจก.ช.วิรัตน์ รุ่งเรืองก่อสร้าง | E58: โครงการบ้านเอ็นทีวิลล์ซอย11สาย13 | F58: N2400NP00A | G58: 5
A59: 5 | D59: หจก.นัชชา คอนสตรัคชั่น | E59: สร้างห้องเช่า ซอย 13 สาย 19 | F59: N2400NP00A | G59: 20
A60: 6
A61: 7
A62: รวม | G62: =SUM(G55:G61) -> 80.5
A63: 1 | B63: =B55+1 -> 46112 | D63: บจก.หลู่ไท่ คอนสตรั๊คชั่น | E63: คอนโดไลฟ์อัพ อมตะซิตี้ | F63: N3200NP00A | G63: 106
A64: 2 | D64: บจก.ไทย สตีล คอนสตรัคเจอร์ คอนสตรัคชั่น | E64: สร้างออฟฟิศแคมป์คนงานซอย 13 สาย 19 | F64: N1800NP00A | G64: 6
A65: 3 | D65: บจก.เฮลซิงกิ เพลส | E65: อพาร์ทเม้นท์ซอย 13 สาย 19 | F65: N2400NP00A | G65: 5
A66: 4
A67: 5
A68: 6
A69: 7
A70: 8
A71: รวม | G71: =SUM(G63:G70) -> 117
A72: 1 | B72: =B63+1 -> 46113 | D72: บจก.เฟยจิน (อินเตอร์เนชั่นแนล) | E72: YUBO ELECTRONICS ซอย 10 | F72: N2400NP00A | G72: 8
A73: 2 | D73: บจก.ไทย สตีล คอนสตรัคเจอร์ คอนสตรัคชั่น | E73: สร้างออฟฟิศแคมป์คนงานซอย 13 สาย 19 | F73: N3200NP00A | G73: 20
A74: 3
A75: 4
A76: 5
A77: 6
A78: 7
A79: รวม | G79: =SUM(G72:G78) -> 28
A80: 1 | B80: =B72+1 -> 46114 | D80: บจก.ชัชนา พร็อพเพอร์ตี้ | E80: โครงการซอย 13 สาย 11 | F80: N2400NP00A | G80: 6.5
A81: 2 | D81: บจก.เอสดีเอ็น เอ็นไวรอนเมนทอล โปรเทคชั่น | E81: โรงงานกังเยน ไดมอนด์ | F81: N3200NP00A | G81: 2
A82: 3 | D82: บจก.หอพักสาย19 เพลส | E82: อพาร์ทเม้นท์ซอย 13 สาย 19 | F82: N0000NP05 | G82: 1
A83: 4 | D83: บจก.เฮลซิงกิ เพลส | E83: อพาร์ทเม้นท์ซอย 13 สาย 19 | F83: N3200NP00A | G83: 4.75
A84: 5 | D84: บจก.หอพักสาย19 เพลส | E84: อพาร์ทเม้นท์ซอย 13 สาย 19 | F84: N3801NP04 | G84: 95
A85: 6
A86: 7
A87: 8
A88: รวม | G88: =SUM(G80:G87) -> 109.25
A89: รวมสุทธิ | G89: =G62+G71+G79+G88 -> 334.75
A92: บริษัท เอ็นเอ็นวาย แมททีเรียลส์ จำกัด
A93: =A50 -> รายงานการสรุปยอดขายของพนักงานขายประจำเดือน เมษายน ปี 2569
A94: =$A$3 -> พนักงานขาย นายอำนาจ ชัยประภา | G94: หน้า | H94: =H51+1 -> 3
F95: =$F$4 -> 46107 | G95: ถึงวันที่ | H95: =$H$4 -> 46136
A96: ลำดับ | B96: วันที่ | C96: เลขที่เอกสาร | D96: ลูกค้า | E96: หน่วยงาน | F96: สินค้า | G96: จำนวน | H96: หมายเหตุ
G97: (คิว)
A98: 1 | B98: =B80+1 -> 46115 | D98: บจก.หลู่ไท่ คอนสตรั๊คชั่น | E98: คอนโดไลฟ์อัพ อมตะซิตี้ | F98: N3200NP00A | G98: 131
A99: 2 | D99: บจก.หอพักสาย19 เพลส | E99: อพาร์ทเม้นท์ซอย 13 สาย 19 | F99: N3201NP01A | G99: 3
A100: 3
A101: 4
A102: 5
A103: 6
A104: 7
...

Sheet สรุปค่าเที่ยวค่าคิว
A1: บริษัท เอ็นเอ็นวาย แมททีเรียลส์ จำกัด
A2: รายงานสรุปค่าเที่ยวรถมิกซ์ ประจำเดือน เมษายน 2569
A4: รหัสพนักงาน | B4: ชื่อ-สกุล | C4: เวลา | D4: ตั้งแต่วันที่ …26.../….03..../…69.... ถึงวันที่ …24..../…04..../…69.... | AM4: รวมเที่ยว | AN4: 80 | AO4: หลัง 17.00@100 | AP4: รวมค่าเที่ยว,ค่าคิว | AQ4: ค่าทำความสะอาดรถ | AR4: Total
D5: วันที่
D6: 26 | E6: 27 | F6: 28 | G6: 29 | H6: 30 | I6: 31 | J6: 1 | K6: 2 | L6: 3 | M6: 4 | N6: 5 | O6: 6 | P6: 7 | Q6: 8 | R6: 9 | S6: 10 | T6: 11 | U6: 12 | V6: 13 | W6: 14 | X6: 15 | Y6: 16 | Z6: 17 | AA6: 18 | AB6: 19 | AC6: 20 | AD6: 21 | AE6: 22 | AF6: 23 | AG6: 24 | AN6: รวมเป็นเงิน | AO6: รวมเป็นเงิน
A7: 67134 | B7: นายสราวุฒิ โพธิ์กระสัง | C7: 8.00-17.00 | D7: ='1'!$F$17 -> 5 | E7: ='1'!$F$28 -> 5 | F7: ='1'!$F$39 -> 4 | G7: ='1'!$F$50 -> 0 | H7: ='1'!$F$61 -> 6 | I7: ='1'!$F$72 -> 6 | J7: ='1'!$F$83 -> 4 | K7: ='1'!$F$101 -> 7 | L7: ='1'!$F$112 -> 6 | M7: ='1'!$F$123 -> 4 | N7: ='1'!$F$134 -> 5 | O7: ='1'!$F$145 -> 4 | P7: ='1'!$F$156 -> 6 | Q7: ='1'!$F$167 -> 0 | R7: ='1'!$F$185 -> 0 | S7: ='1'!$F$196 -> 2 | T7: ='1'!$F$207 -> 0 | U7: ='1'!$F$218 -> 0 | V7: ='1'!$F$229 -> 0 | W7: ='1'!$F$240 -> 0 | X7: ='1'!$F$251 -> 0 | Y7: ='1'!$F$269 -> 0 | Z7: ='1'!$F$280 -> 0 | AA7: ='1'!$F$291 -> 0 | AB7: ='1'!$F$302 -> 0 | AC7: ='1'!$F$313 -> 0 | AD7: ='1'!$F$324 -> 5 | AE7: ='1'!$F$335 -> 4 | AF7: ='1'!$F$353 -> 5 | AG7: ='1'!$F$364 -> 5 | AH7: ='1'!$F$375 -> 0 | AI7: ='1'!$F$386 -> 0 | AJ7: ='1'!$F$397 -> 0 | AK7: ='1'!$F$408 -> 0 | AL7: ='1'!$F$419 -> 0 | AM7: =SUM(D7:AL7) -> 83 | AN7: =AM7*$AN$4 -> 6640 | AP7: =SUM(AN7:AO8) -> 9140 | AQ7: 900 | AR7: =SUM(AP7:AQ8) -> 10040
A8: ทะเบียน | B8: 53-0601 (1) | C8: หลัง 17.00 | D8: ='1'!$G$17 -> 1 | E8: ='1'!$G$28 -> 3 | F8: ='1'!$G$39 -> 0 | G8: ='1'!$G$50 -> 0 | H8: ='1'!$G$61 -> 1 | I8: ='1'!$G$72 -> 1 | J8: ='1'!$G$83 -> 1 | K8: ='1'!$G$101 -> 2 | L8: ='1'!$G$112 -> 3 | M8: ='1'!$G$123 -> 0 | N8: ='1'!$G$134 -> 1 | O8: ='1'!$G$145 -> 4 | P8: ='1'!$G$156 -> 0 | Q8: ='1'!$G$167 -> 0 | R8: ='1'!$G$185 -> 0 | S8: ='1'!$G$196 -> 2 | T8: ='1'!$G$207 -> 0 | U8: ='1'!$G$218 -> 0 | V8: ='1'!$G$229 -> 0 | W8: ='1'!$G$240 -> 0 | X8: ='1'!$G$251 -> 0 | Y8: ='1'!$G$269 -> 0 | Z8: ='1'!$G$280 -> 0 | AA8: ='1'!$G$291 -> 0 | AB8: ='1'!$G$302 -> 0 | AC8: ='1'!$G$313 -> 0 | AD8: ='1'!$G$324 -> 3 | AE8: ='1'!$G$335 -> 0 | AF8: ='1'!$G$353 -> 1 | AG8: ='1'!$G$364 -> 2 | AH8: ='1'!$G$375 -> 0 | AI8: ='1'!$G$386 -> 0 | AJ8: ='1'!$G$397 -> 0 | AK8: ='1'!$G$408 -> 0 | AL8: ='1'!$G$419 -> 0 | AM8: =SUM(D8:AL8) -> 25 | AO8: =AM8*100 -> 2500
A9: 67163 | B9: นายนิรันดร์ สิมสีดา | C9: 8.00-17.00 | D9: ='2'!$F$17 -> 3 | E9: ='2'!$F$28 -> 0 | F9: ='2'!$F$39 -> 3 | G9: ='2'!$F$50 -> 6 | H9: ='2'!$F$61 -> 6 | I9: ='2'!$F$72 -> 2 | J9: ='2'!$F$83 -> 3 | K9: ='2'!$F$101 -> 7 | L9: ='2'!$F$112 -> 4 | M9: ='2'!$F$123 -> 0 | N9: ='2'!$F$134 -> 5 | O9: ='2'!$F$145 -> 3 | P9: ='2'!$F$156 -> 5 | Q9: ='2'!$F$167 -> 4 | R9: ='2'!$F$185 -> 0 | S9: ='2'!$F$196 -> 3 | T9: ='2'!$F$207 -> 3 | U9: ='2'!$F$218 -> 0 | V9: ='2'!$F$229 -> 0 | W9: ='2'!$F$240 -> 0 | X9: ='2'!$F$251 -> 0 | Y9: ='2'!$F$269 -> 0 | Z9: ='2'!$F$280 -> 0 | AA9: ='2'!$F$291 -> 0 | AB9: ='2'!$F$302 -> 0 | AC9: ='2'!$F$313 -> 0 | AD9: ='2'!$F$324 -> 0 | AE9: ='2'!$F$335 -> 0 | AF9: ='2'!$F$353 -> 0 | AG9: ='2'!$F$364 -> 0 | AH9: ='2'!$F$375 -> 0 | AI9: ='2'!$F$386 -> 0 | AJ9: ='2'!$F$397 -> 0 | AK9: ='2'!$F$408 -> 0 | AL9: ='2'!$F$419 -> 0 | AM9: =SUM(D9:AL9) -> 57 | AN9: =AM9*$AN$4 -> 4560 | AP9: =SUM(AN9:AO10) -> 6000 | AQ9: 0 | AR9: =SUM(AP9:AQ10) -> 6000
A10: ทะเบียน | B10: 53-0602 (2) | C10: หลัง 17.00 | D10: ='2'!$G$17 -> 0 | E10: ='2'!$G$28 -> 0 | F10: ='2'!$G$39 -> 0 | G10: ='2'!$G$50 -> 1 | H10: ='2'!$G$61 -> 1 | I10: ='2'!$G$72 -> 0 | J10: ='2'!$G$83 -> 1 | K10: ='2'!$G$101 -> 2 | L10: ='2'!$G$112 -> 3 | M10: ='2'!$G$123 -> 0 | N10: ='2'!$G$134 -> 1 | O10: ='2'!$G$145 -> 4 | P10: ='2'!$G$156 -> 0 | Q10: ='2'!$G$167 -> 0 | R10: ='2'!$G$185 -> 0 | S10: ='2'!$G$196 -> 1 | T10: ='2'!$G$207 -> 0 | U10: ='2'!$G$218 -> 0 | V10: ='2'!$G$229 -> 0 | W10: ='2'!$G$240 -> 0 | X10: ='2'!$G$251 -> 0 | Y10: ='2'!$G$269 -> 0 | Z10: ='2'!$G$280 -> 0 | AA10: ='2'!$G$291 -> 0 | AB10: ='2'!$G$302 -> 0 | AC10: ='2'!$G$313 -> 0 | AD10: ='2'!$G$324 -> 0 | AE10: ='2'!$G$335 -> 0 | AF10: ='2'!$G$353 -> 0 | AG10: ='2'!$G$364 -> 0 | AH10: ='2'!$G$375 -> 0 | AI10: ='2'!$G$386 -> 0 | AJ10: ='2'!$G$397 -> 0 | AK10: ='2'!$G$408 -> 0 | AL10: ='2'!$G$419 -> 0 | AM10: =SUM(D10:AL10) -> 14 | AN10: 40 | AO10: =AM10*100 -> 1400
A11: 66131 | B11: นายประเสิม พร้อมพรั่ง | C11: 8.00-17.00 | D11: ='3'!$F$17 -> 6 | E11: ='3'!$F$28 -> 5 | F11: ='3'!$F$39 -> 2 | G11: ='3'!$F$50 -> 6 | H11: ='3'!$F$61 -> 0 | I11: ='3'!$F$72 -> 6 | J11: ='3'!$F$83 -> 3 | K11: ='3'!$F$101 -> 6 | L11: ='3'!$F$112 -> 6 | M11: ='3'!$F$123 -> 4 | N11: ='3'!$F$134 -> 0 | O11: ='3'!$F$145 -> 4 | P11: ='3'!$F$156 -> 4 | Q11: ='3'!$F$167 -> 5 | R11: ='3'!$F$185 -> 6 | S11: ='3'!$F$196 -> 3 | T11: ='3'!$F$207 -> 4 | U11: ='3'!$F$218 -> 0 | V11: ='3'!$F$229 -> 0 | W11: ='3'!$F$240 -> 0 | X11: ='3'!$F$251 -> 0 | Y11: ='3'!F269 -> 0 | Z11: ='3'!F280 -> 0 | AA11: ='3'!F291 -> 1 | AB11: ='3'!F302 -> 1 | AC11: ='3'!F313 -> 8 | AD11: ='3'!F324 -> 5 | AE11: ='3'!F335 -> 4 | AF11: ='3'!F353 -> 4 | AG11: ='3'!F364 -> 6 | AH11: ='3'!F375 -> 0 | AI11: ='3'!$F$386 -> 0 | AJ11: ='3'!$F$397 -> 0 | AK11: ='3'!$F$408 -> 0 | AL11: ='3'!$F$419 -> 0 | AM11: =SUM(D11:AL11) -> 99 | AN11: =AM11*$AN$4 -> 7920 | AP11: =SUM(AN11:AO12) -> 10260 | AQ11: 900 | AR11: =SUM(AP11:AQ12) -> 11160
A12: ทะเบียน | B12: 53-0603 (3) | C12: หลัง 17.00 | D12: ='3'!G17 -> 0 | E12: ='3'!$G$28 -> 3 | F12: ='3'!$G$39 -> 1 | G12: ='3'!$G$50 -> 0 | H12: ='3'!$G$61 -> 0 | I12: ='3'!$G$72 -> 1 | J12: ='3'!$G$83 -> 1 | K12: ='3'!$G$101 -> 2 | L12: ='3'!$G$112 -> 2 | M12: ='3'!$G$123 -> 1 | N12: ='3'!$G$134 -> 0 | O12: ='3'!$G$145 -> 4 | P12: ='3'!$G$156 -> 1 | Q12: ='3'!$G$167 -> 0 | R12: ='3'!$G$185 -> 0 | S12: ='3'!$G$196 -> 2 | T12: ='3'!$G$207 -> 0 | U12: ='3'!$G$218 -> 0 | V12: ='3'!$G$229 -> 0 | W12: ='3'!$G$240 -> 0 | X12: ='3'!$G$251 -> 0 | Y12: ='3'!G269 -> 0 | Z12: ='3'!G280 -> 0 | AA12: ='3'!G291 -> 0 | AB12: ='3'!G302 -> 0 | AC12: ='3'!G313 -> 0 | AD12: ='3'!G324 -> 2 | AE12: ='3'!G335 -> 0 | AF12: ='3'!G353 -> 2 | AG12: ='3'!G364 -> 1 | AH12: ='3'!G375 -> 0 | AI12: ='3'!$G$386 -> 0 | AJ12: ='3'!$G$397 -> 0 | AK12: ='3'!$G$408 -> 0 | AL12: ='3'!$G$419 -> 0 | AM12: =SUM(D12:AL12) -> 23 | AN12: 40 | AO12: =AM12*100 -> 2300
A13: 63068 | B13: นายชัยวัฒน์ ผดุงเวียง | C13: 8.00-17.00 | D13: ='4'!$F$17 -> 4 | E13: ='4'!$F$28 -> 5 | F13: ='4'!$F$39 -> 3 | G13: ='4'!$F$50 -> 6 | H13: ='4'!$F$61 -> 7 | I13: ='4'!$F$72 -> 6 | J13: ='4'!$F$83 -> 5 | K13: ='4'!$F$101 -> 6 | L13: ='4'!$F$112 -> 6 | M13: ='4'!$F$123 -> 3 | N13: ='4'!$F$134 -> 0 | O13: ='4'!$F$145 -> 4 | P13: ='4'!$F$156 -> 4 | Q13: ='4'!$F$167 -> 5 | R13: ='4'!$F$185 -> 4 | S13: ='4'!$F$196 -> 3 | T13: ='4'!$F$207 -> 4 | U13: ='4'!$F$218 -> 0 | V13: ='4'!$F$229 -> 0 | W13: ='4'!$F$240 -> 0 | X13: ='4'!$F$251 -> 0 | Y13: ='4'!$F$269 -> 0 | Z13: ='4'!$F$280 -> 0 | AA13: ='4'!$F$291 -> 1 | AB13: ='4'!$F$302 -> 1 | AC13: ='4'!$F$313 -> 7 | AD13: ='4'!$F$324 -> 4 | AE13: ='4'!$F$335 -> 4 | AF13: ='4'!$F$353 -> 5 | AG13: ='4'!$F$364 -> 7 | AH13: ='4'!$F$375 -> 0 | AI13: ='4'!$F$386 -> 0 | AJ13: ='4'!$F$397 -> 0 | AK13: ='4'!$F$408 -> 0 | AL13: ='4'!$F$419 -> 0 | AM13: =SUM(D13:AL13) -> 104 | AN13: =AM13*$AN$4 -> 8320 | AP13: =SUM(AN13:AO14) -> 10320 | AQ13: 900 | AR13: =SUM(AP13:AQ14) -> 11220
A14: ทะเบียน | B14: 53-0604 (4) | C14: หลัง 17.00 | D14: ='4'!$G$17 -> 0 | E14: ='4'!$G$28 -> 2 | F14: ='4'!$G$39 -> 0 | G14: ='4'!$G$50 -> 1 | H14: ='4'!$G$61 -> 1 | I14: ='4'!$G$72 -> 0 | J14: ='4'!$G$83 -> 0 | K14: ='4'!$G$101 -> 2 | L14: ='4'!$G$112 -> 3 | M14: ='4'!$G$123 -> 0 | N14: ='4'!$G$134 -> 0 | O14: ='4'!$G$145 -> 4 | P14: ='4'!$G$156 -> 0 | Q14: ='4'!$G$167 -> 0 | R14: ='4'!$G$185 -> 0 | S14: ='4'!$G$196 -> 2 | T14: ='4'!$G$207 -> 0 | U14: ='4'!$G$218 -> 0 | V14: ='4'!$G$229 -> 0 | W14: ='4'!$G$240 -> 0 | X14: ='4'!$G$251 -> 0 | Y14: ='4'!$G$269 -> 0 | Z14: ='4'!$G$280 -> 0 | AA14: ='4'!$G$291 -> 0 | AB14: ='4'!$G$302 -> 0 | AC14: ='4'!$G$313 -> 1 | AD14: ='4'!$G$324 -> 2 | AE14: ='4'!$G$335 -> 0 | AF14: ='4'!$G$353 -> 1 | AG14: ='4'!$G$364 -> 1 | AH14: ='4'!$G$375 -> 0 | AI14: ='4'!$G$386 -> 0 | AJ14: ='4'!$G$397 -> 0 | AK14: ='4'!$G$408 -> 0 | AL14: ='4'!$G$419 -> 0 | AM14: =SUM(D14:AL14) -> 20 | AO14: =AM14*100 -> 2000
A15: 68029 | B15: นายพรชัย วิจารณ์ | C15: 8.00-17.00 | D15: ='5'!$F$17 -> 5 | E15: ='5'!$F$28 -> 6 | F15: ='5'!$F$39 -> 3 | G15: ='5'!$F$50 -> 5 | H15: ='5'!$F$61 -> 6 | I15: ='5'!$F$72 -> 1 | J15: ='5'!$F$83 -> 3 | K15: ='5'!$F$101 -> 5 | L15: ='5'!$F$112 -> 4 | M15: ='5'!$F$123 -> 4 | N15: ='5'!$F$134 -> 5 | O15: ='5'!$F$145 -> 4 | P15: ='5'!$F$156 -> 6 | Q15: ='5'!$F$167 -> 5 | R15: ='5'!$F$185 -> 4 | S15: ='5'!$F$196 -> 2 | T15: ='5'!$F$207 -> 4 | U15: ='5'!$F$218 -> 0 | V15: ='5'!$F$229 -> 0 | W15: ='5'!$F$240 -> 0 | X15: ='5'!$F$251 -> 0 | Y15: ='5'!$F$269 -> 0 | Z15: ='5'!$F$280 -> 0 | AA15: ='5'!$F$291 -> 0 | AB15: ='5'!$F$302 -> 2 | AC15: ='5'!$F$313 -> 6 | AD15: ='5'!$F$324 -> 5 | AE15: ='5'!$F$335 -> 4 | AF15: ='5'!$F$353 -> 4 | AG15: ='5'!$F$364 -> 7 | AH15: ='5'!$F$375 -> 0 | AI15: ='5'!$F$386 -> 0 | AJ15: ='5'!$F$397 -> 0 | AK15: ='5'!$F$408 -> 0 | AL15: ='5'!$F$419 -> 0 | AM15: =SUM(D15:AL15) -> 100 | AN15: =AM15*$AN$4 -> 8000 | AP15: =SUM(AN15:AO16) -> 10100 | AQ15: 900 | AR15: =SUM(AP15:AQ16) -> 11000
A16: ทะเบียน | B16: 53-0605 (5) | C16: หลัง 17.00 | D16: ='5'!$G$17 -> 0 | E16: ='5'!$G$28 -> 1 | F16: ='5'!$G$39 -> 0 | G16: ='5'!$G$50 -> 1 | H16: ='5'!$G$61 -> 0 | I16: ='5'!$G$72 -> 2 | J16: ='5'!$G$83 -> 0 | K16: ='5'!$G$101 -> 2 | L16: ='5'!$G$112 -> 3 | M16: ='5'!$G$123 -> 0 | N16: ='5'!$G$134 -> 1 | O16: ='5'!$G$145 -> 3 | P16: ='5'!$G$156 -> 0 | Q16: ='5'!$G$167 -> 0 | R16: ='5'!$G$185 -> 1 | S16: ='5'!$G$196 -> 2 | T16: ='5'!$G$207 -> 0 | U16: ='5'!$G$218 -> 0 | V16: ='5'!$G$229 -> 0 | W16: ='5'!$G$240 -> 0 | X16: ='5'!$G$251 -> 0 | Y16: ='5'!$G$269 -> 0 | Z16: ='5'!$G$280 -> 0 | AA16: ='5'!$G$291 -> 0 | AB16: ='5'!$G$302 -> 0 | AC16: ='5'!$G$313 -> 1 | AD16: ='5'!$G$324 -> 2 | AE16: ='5'!$G$335 -> 0 | AF16: ='5'!$G$353 -> 2 | AG16: ='5'!$G$364 -> 0 | AH16: ='5'!$G$375 -> 0 | AI16: ='5'!$G$386 -> 0 | AJ16: ='5'!$G$397 -> 0 | AK16: ='5'!$G$408 -> 0 | AL16: ='5'!$G$419 -> 0 | AM16: =SUM(D16:AL16) -> 21 | AO16: =AM16*100 -> 2100
A17: 68031 | B17: นายสุทิล ชูเกณฑ์ | C17: 8.00-17.00 | D17: ='6'!$F$17 -> 0 | E17: ='6'!$F$28 -> 5 | F17: ='6'!$F$39 -> 3 | G17: ='6'!$F$50 -> 5 | H17: ='6'!$F$61 -> 5 | I17: ='6'!$F$72 -> 6 | J17: ='6'!$F$83 -> 4 | K17: ='6'!$F$101 -> 0 | L17: ='6'!$F$112 -> 6 | M17: ='6'!$F$123 -> 3 | N17: ='6'!$F$134 -> 4 | O17: ='6'!$F$145 -> 4 | P17: ='6'!$F$156 -> 5 | Q17: ='6'!$F$167 -> 6 | R17: ='6'!$F$185 -> 6 | S17: ='6'!$F$196 -> 0 | T17: ='6'!$F$207 -> 4 | U17: ='6'!$F$218 -> 0 | V17: ='6'!$F$229 -> 0 | W17: ='6'!$F$240 -> 0 | X17: ='6'!$F$251 -> 0 | Y17: ='6'!$F$269 -> 0 | Z17: ='6'!$F$280 -> 0 | AA17: ='6'!$F$291 -> 0 | AB17: ='6'!$F$302 -> 1 | AC17: ='6'!$F$314 -> 8 | AD17: ='6'!$F$325 -> 5 | AE17: ='6'!$F$336 -> 3 | AF17: ='6'!$F$354 -> 5 | AG17: ='6'!$F$365 -> 6 | AH17: ='6'!$F$376 -> 0 | AI17: ='6'!$F$386 -> 0 | AJ17: ='6'!$F$397 -> 0 | AK17: ='6'!$F$408 -> 0 | AL17: ='6'!$F$419 -> 0 | AM17: =SUM(D17:AL17) -> 94 | AN17: =AM17*$AN$4 -> 7520 | AP17: =SUM(AN17:AO18) -> 9320 | AQ17: 900 | AR17: =SUM(AP17:AQ18) -> 10220
A18: ทะเบียน | B18: 53-0606 (6) | C18: หลัง 17.00 | D18: ='6'!$G$17 -> 0 | E18: ='6'!$G$28 -> 2 | F18: ='6'!$G$39 -> 0 | G18: ='6'!$G$50 -> 1 | H18: ='6'!$G$61 -> 1 | I18: ='6'!$G$72 -> 1 | J18: ='6'!$G$83 -> 1 | K18: ='6'!$G$101 -> 0 | L18: ='6'!$G$112 -> 2 | M18: ='6'!$G$123 -> 0 | N18: ='6'!$G$134 -> 1 | O18: ='6'!$G$145 -> 3 | P18: ='6'!$G$156 -> 0 | Q18: ='6'!$G$167 -> 0 | R18: ='6'!$G$185 -> 0 | S18: ='6'!$G$196 -> 0 | T18: ='6'!$G$207 -> 0 | U18: ='6'!$G$218 -> 0 | V18: ='6'!$G$229 -> 0 | W18: ='6'!$G$240 -> 0 | X18: ='6'!$G$251 -> 0 | Y18: ='6'!$G$269 -> 0 | Z18: ='6'!$G$280 -> 0 | AA18: ='6'!$G$291 -> 0 | AB18: ='6'!$G$302 -> 0 | AC18: ='6'!$G$314 -> 1 | AD18: ='6'!$G$325 -> 2 | AE18: ='6'!$G$336 -> 0 | AF18: ='6'!$G$354 -> 1 | AG18: ='6'!$G$365 -> 2 | AH18: ='6'!$G$376 -> 0 | AI18: ='6'!$G$386 -> 0 | AJ18: ='6'!$G$397 -> 0 | AK18: ='6'!$G$408 -> 0 | AL18: ='6'!$G$419 -> 0 | AM18: =SUM(D18:AL18) -> 18 | AO18: =AM18*100 -> 1800
A19: 69001 | B19: นายธนพร สีหาด | C19: 8.00-17.00 | D19: ='7'!$F$17 -> 5 | E19: ='7'!$F$28 -> 5 | F19: ='7'!$F$39 -> 0 | G19: ='7'!$F$50 -> 0 | H19: ='7'!$F$61 -> 6 | I19: ='7'!$F$72 -> 6 | J19: ='7'!F83 -> 4 | K19: ='7'!F101 -> 6 | L19: ='7'!F112 -> 6 | M19: ='7'!F123 -> 4 | N19: ='7'!F134 -> 4 | O19: ='7'!F145 -> 0 | P19: ='7'!F156 -> 4 | Q19: ='7'!F167 -> 4 | R19: ='7'!F185 -> 5 | S19: ='7'!F196 -> 3 | T19: ='7'!F207 -> 4 | U19: ='7'!F218 -> 0 | V19: ='7'!F229 -> 0 | W19: ='7'!F240 -> 0 | X19: ='7'!F251 -> 0 | Y19: ='7'!F269 -> 0 | Z19: ='7'!F280 -> 0 | AA19: ='7'!F291 -> 0 | AB19: ='7'!F302 -> 2 | AC19: ='7'!F313 -> 7 | AD19: ='7'!F324 -> 6 | AE19: ='7'!F335 -> 5 | AF19: ='7'!F353 -> 5 | AG19: ='7'!F364 -> 5 | AH19: ='7'!F375 -> 0 | AI19: ='7'!$F$386 -> 0 | AJ19: ='7'!$F$397 -> 0 | AK19: ='7'!$F$408 -> 0 | AL19: ='7'!$F$419 -> 0 | AM19: =SUM(D19:AL19) -> 96 | AN19: =AM19*$AN$4 -> 7680 | AP19: =SUM(AN19:AO20) -> 9660 | AQ19: 0 | AR19: =SUM(AP19:AQ20) -> 9660
A20: ทะเบียน | B20: 53-0607 (7) | C20: หลัง 17.00 | D20: ='7'!$G$17 -> 0 | E20: ='7'!$G$28 -> 3 | F20: ='7'!$G$39 -> 0 | G20: ='7'!$G$50 -> 0 | H20: ='7'!$G$61 -> 1 | I20: ='7'!$G$72 -> 1 | J20: ='7'!$G$83 -> 0 | K20: ='7'!G101 -> 2 | L20: ='7'!G112 -> 3 | M20: ='7'!G124 -> 0 | N20: ='7'!G134 -> 2 | O20: ='7'!G146 -> 0 | P20: ='7'!G157 -> 0 | Q20: ='7'!G167 -> 0 | R20: ='7'!G185 -> 0 | S20: ='7'!G196 -> 2 | T20: ='7'!G207 -> 0 | U20: ='7'!G218 -> 0 | V20: ='7'!G229 -> 0 | W20: ='7'!G240 -> 0 | X20: ='7'!G251 -> 0 | Y20: ='7'!G269 -> 0 | Z20: ='7'!G280 -> 0 | AA20: ='7'!G291 -> 0 | AB20: ='7'!G302 -> 0 | AC20: ='7'!G313 -> 1 | AD20: ='7'!G324 -> 1 | AE20: ='7'!G335 -> 0 | AF20: ='7'!G353 -> 1 | AG20: ='7'!G364 -> 2 | AH20: ='7'!G375 -> 0 | AI20: ='7'!$G$386 -> 0 | AJ20: ='7'!$G$397 -> 0 | AK20: ='7'!$G$408 -> 0 | AL20: ='7'!$G$419 -> 0 | AM20: =SUM(D20:AL20) -> 19 | AN20: =40+40 -> 80 | AO20: =AM20*100 -> 1900
A21: 67007 | B21: นายพิทักษ์ โประณะ | C21: 8.00-17.00 | D21: ='8'!$F$17 -> 5 | E21: ='8'!$F$28 -> 6 | F21: ='8'!$F$39 -> 2 | G21: ='8'!$F$50 -> 3 | H21: ='8'!$F$61 -> 2 | I21: ='8'!$F$72 -> 5 | J21: ='8'!$F$83 -> 4 | K21: ='8'!$F$101 -> 6 | L21: ='8'!$F$112 -> 6 | M21: ='8'!$F$123 -> 4 | N21: ='8'!$F$134 -> 4 | O21: ='8'!$F$145 -> 4 | P21: ='8'!$F$156 -> 5 | Q21: ='8'!$F$167 -> 2 | R21: ='8'!$F$185 -> 6 | S21: ='8'!$F$196 -> 4 | T21: ='8'!$F$207 -> 4 | U21: ='8'!$F$218 -> 0 | V21: ='8'!$F$229 -> 0 | W21: ='8'!$F$240 -> 0 | X21: ='8'!$F$251 -> 0 | Y21: ='8'!$F$269 -> 0 | Z21: ='8'!$F$280 -> 0 | AA21: ='8'!$F$291 -> 0 | AB21: ='8'!$F$302 -> 2 | AC21: ='8'!$F$313 -> 5 | AD21: ='8'!$F$324 -> 5 | AE21: ='8'!$F$335 -> 4 | AF21: ='8'!$F$353 -> 6 | AG21: ='8'!$F$364 -> 0 | AH21: ='8'!$F$375 -> 0 | AI21: ='8'!$F$386 -> 0 | AJ21: ='8'!$F$397 -> 0 | AK21: ='8'!$F$408 -> 0 | AL21: ='8'!$F$419 -> 0 | AM21: =SUM(D21:AL21) -> 94 | AN21: =AM21*$AN$4 -> 7520 | AP21: =SUM(AN21:AO22) -> 9920 | AQ21: 900 | AR21: =SUM(AP21:AQ22) -> 10820
A22: ทะเบียน | B22: 53-0608 (8) | C22: หลัง 17.00 | D22: ='8'!$G$17 -> 0 | E22: ='8'!$G$28 -> 2 | F22: ='8'!$G$39 -> 1 | G22: ='8'!$G$50 -> 1 | H22: ='8'!$G$61 -> 0 | I22: ='8'!$G$72 -> 1 | J22: ='8'!$G$83 -> 0 | K22: ='8'!$G$101 -> 2 | L22: ='8'!$G$112 -> 3 | M22: ='8'!$G$123 -> 1 | N22: ='8'!$G$134 -> 1 | O22: ='8'!$G$145 -> 4 | P22: ='8'!$G$156 -> 1 | Q22: ='8'!$G$167 -> 1 | R22: ='8'!$G$185 -> 0 | S22: ='8'!$G$196 -> 2 | T22: ='8'!$G$207 -> 0 | U22: ='8'!$G$218 -> 0 | V22: ='8'!$G$229 -> 0 | W22: ='8'!$G$240 -> 0 | X22: ='8'!$G$251 -> 0 | Y22: ='8'!$G$269 -> 0 | Z22: ='8'!$G$280 -> 0 | AA22: ='8'!$G$291 -> 0 | AB22: ='8'!$G$302 -> 0 | AC22: ='8'!$G$313 -> 1 | AD22: ='8'!$G$324 -> 2 | AE22: ='8'!$G$335 -> 0 | AF22: ='8'!$G$353 -> 1 | AG22: ='8'!$G$364 -> 0 | AH22: ='8'!$G$375 -> 0 | AI22: ='8'!$G$386 -> 0 | AJ22: ='8'!$G$397 -> 0 | AK22: ='8'!$G$408 -> 0 | AL22: ='8'!$G$419 -> 0 | AM22: =SUM(D22:AL22) -> 24 | AO22: =AM22*100 -> 2400
A23: 63011 | B23: นายศักดิ์สกล วรรณศรี | C23: 8.00-17.00 | D23: ='9'!$F$17 -> 5 | E23: ='9'!$F$28 -> 5 | F23: ='9'!$F$39 -> 2 | G23: ='9'!$F$50 -> 5 | H23: ='9'!$F$61 -> 6 | I23: ='9'!$F$72 -> 6 | J23: ='9'!$F$83 -> 3 | K23: ='9'!$F$101 -> 6 | L23: ='9'!$F$112 -> 7 | M23: ='9'!$F$123 -> 5 | N23: ='9'!$F$134 -> 5 | O23: ='9'!$F$145 -> 5 | P23: ='9'!$F$156 -> 4 | Q23: ='9'!$F$167 -> 4 | R23: ='9'!$F$185 -> 5 | S23: ='9'!$F$196 -> 4 | T23: ='9'!$F$207 -> 4 | U23: ='9'!$F$218 -> 0 | V23: ='9'!$F$229 -> 0 | W23: ='9'!$F$240 -> 0 | X23: ='9'!$F$251 -> 0 | Y23: ='9'!$F$269 -> 0 | Z23: ='9'!$F$280 -> 0 | AA23: ='9'!$F$292 -> 0 | AB23: ='9'!$F$303 -> 1 | AC23: ='9'!$F$315 -> 6 | AD23: ='9'!$F$326 -> 6 | AE23: ='9'!$F$337 -> 5 | AF23: ='9'!$F$355 -> 6 | AG23: ='9'!$F$366 -> 6 | AH23: ='9'!$F$377 -> 0 | AI23: ='9'!$F$386 -> 0 | AJ23: ='9'!$F$397 -> 0 | AK23: ='9'!$F$408 -> 0 | AL23: ='9'!$F$419 -> 0 | AM23: =SUM(D23:AL23) -> 111 | AN23: =AM23*$AN$4 -> 8880 | AP23: =SUM(AN23:AO24) -> 11320 | AQ23: 900 | AR23: =SUM(AP23:AQ24) -> 12220
A24: ทะเบียน | B24: 53-0609 (9) | C24: หลัง 17.00 | D24: ='9'!$G$17 -> 0 | E24: ='9'!$G$28 -> 2 | F24: ='9'!$G$39 -> 0 | G24: ='9'!$G$50 -> 1 | H24: ='9'!$G$61 -> 1 | I24: ='9'!$G$72 -> 1 | J24: ='9'!$G$83 -> 1 | K24: ='9'!$G$101 -> 3 | L24: ='9'!$G$112 -> 2 | M24: ='9'!$G$123 -> 1 | N24: ='9'!$G$134 -> 1 | O24: ='9'!$G$145 -> 4 | P24: ='9'!$G$156 -> 0 | Q24: ='9'!$G$167 -> 0 | R24: ='9'!$G$185 -> 0 | S24: ='9'!$G$196 -> 2 | T24: ='9'!$G$207 -> 0 | U24: ='9'!$G$218 -> 0 | V24: ='9'!$G$229 -> 0 | W24: ='9'!$G$240 -> 0 | X24: ='9'!$G$251 -> 0 | Y24: ='9'!$G$269 -> 0 | Z24: ='9'!$G$280 -> 0 | AA24: ='9'!$G$292 -> 0 | AB24: ='9'!$G$303 -> 0 | AC24: ='9'!$G$315 -> 0 | AD24: ='9'!$G$326 -> 2 | AE24: ='9'!$G$337 -> 0 | AF24: ='9'!$G$355 -> 2 | AG24: ='9'!$G$366 -> 1 | AH24: ='9'!$G$377 -> 0 | AI24: ='9'!$G$386 -> 0 | AJ24: ='9'!$G$397 -> 0 | AK24: ='9'!$G$408 -> 0 | AL24: ='9'!$G$419 -> 0 | AM24: =SUM(D24:AL24) -> 24 | AN24: 40 | AO24: =AM24*100 -> 2400
A25: 68035 | B25: นายนนทิรักษ์ กลับจันทร์ | C25: 8.00-17.00 | D25: ='10'!$F$17 -> 5 | E25: ='10'!$F$28 -> 5 | F25: ='10'!$F$39 -> 3 | G25: ='10'!$F$50 -> 5 | H25: ='10'!$F$61 -> 6 | I25: ='10'!$F$72 -> 2 | J25: ='10'!$F$83 -> 0 | K25: ='10'!$F$101 -> 0 | L25: ='10'!$F$112 -> 6 | M25: ='10'!$F$123 -> 4 | N25: ='10'!$F$134 -> 6 | O25: ='10'!$F$145 -> 5 | P25: ='10'!$F$156 -> 6 | Q25: ='10'!$F$167 -> 5 | R25: ='10'!$F$185 -> 5 | S25: ='10'!$F$196 -> 3 | T25: ='10'!$F$207 -> 4 | U25: ='10'!$F$218 -> 0 | V25: ='10'!$F$229 -> 0 | W25: ='10'!$F$240 -> 0 | X25: ='10'!$F$251 -> 0 | Y25: ='10'!$F$269 -> 0 | Z25: ='10'!$F$280 -> 0 | AA25: ='10'!$F$291 -> 0 | AB25: ='10'!$F$302 -> 1 | AC25: ='10'!$F$313 -> 5 | AD25: ='10'!$F$324 -> 6 | AE25: ='10'!$F$335 -> 4 | AF25: ='10'!$F$354 -> 6 | AG25: ='10'!$F$365 -> 5 | AH25: ='10'!$F$376 -> 0 | AI25: ='10'!$F$387 -> 0 | AJ25: ='10'!$F$398 -> 0 | AK25: ='10'!$F$409 -> 0 | AL25: ='10'!$F$420 -> 0 | AM25: =SUM(D25:AL25) -> 97 | AN25: =AM25*$AN$4 -> 7760 | AP25: =SUM(AN25:AO26) -> 9860 | AQ25: 900 | AR25: =SUM(AP25:AQ26) -> 10760
A26: ทะเบียน | B26: 53-0610 (10) | C26: หลัง 17.00 | D26: ='10'!$G$17 -> 0 | E26: ='10'!$G$28 -> 2 | F26: ='10'!$G$39 -> 0 | G26: ='10'!$G$50 -> 1 | H26: ='10'!$G$61 -> 1 | I26: ='10'!$G$72 -> 0 | J26: ='10'!$G$83 -> 0 | K26: ='10'!$G$101 -> 0 | L26: ='10'!$G$112 -> 3 | M26: ='10'!$G$123 -> 1 | N26: ='10'!$G$134 -> 1 | O26: ='10'!$G$145 -> 4 | P26: ='10'!$G$156 -> 1 | Q26: ='10'!$G$167 -> 0 | R26: ='10'!$G$185 -> 0 | S26: ='10'!$G$196 -> 2 | T26: ='10'!$G$207 -> 0 | U26: ='10'!$G$218 -> 0 | V26: ='10'!$G$229 -> 0 | W26: ='10'!$G$240 -> 0 | X26: ='10'!$G$251 -> 0 | Y26: ='10'!$G$269 -> 0 | Z26: ='10'!$G$280 -> 0 | AA26: ='10'!$G$291 -> 0 | AB26: ='10'!$G$302 -> 0 | AC26: ='10'!$G$313 -> 1 | AD26: ='10'!$G$324 -> 2 | AE26: ='10'!$G$335 -> 0 | AF26: ='10'!$G$354 -> 1 | AG26: ='10'!$G$365 -> 1 | AH26: ='10'!$G$376 -> 0 | AI26: ='10'!$G$387 -> 0 | AJ26: ='10'!$G$398 -> 0 | AK26: ='10'!$G$409 -> 0 | AL26: ='10'!$G$420 -> 0 | AM26: =SUM(D26:AL26) -> 21 | AO26: =AM26*100 -> 2100
A27: 65041 | B27: นายสายฟ้า ศรีโย | C27: 8.00-17.00 | D27: ='11'!$F$17 -> 5 | E27: ='11'!$F$28 -> 5 | F27: ='11'!$F$39 -> 3 | G27: ='11'!$F$50 -> 5 | H27: ='11'!$F$61 -> 5 | I27: ='11'!$F$72 -> 7 | J27: ='11'!$F$83 -> 0 | K27: ='11'!$F$101 -> 2 | L27: ='11'!$F$112 -> 0 | M27: ='11'!$F$123 -> 0 | N27: ='11'!$F$134 -> 0 | O27: ='11'!$F$145 -> 0 | P27: ='11'!$F$156 -> 0 | Q27: ='11'!$F$167 -> 5 | R27: ='11'!$F$185 -> 5 | S27: ='11'!$F$196 -> 3 | T27: ='11'!$F$207 -> 4 | U27: ='11'!$F$218 -> 0 | V27: ='11'!$F$229 -> 0 | W27: ='11'!$F$240 -> 0 | X27: ='11'!$F$251 -> 0 | Y27: ='11'!$F$269 -> 0 | Z27: ='11'!$F$280 -> 0 | AA27: ='11'!$F$291 -> 0 | AB27: ='11'!$F$302 -> 1 | AC27: ='11'!$F$313 -> 4 | AD27: ='11'!$F$324 -> 5 | AE27: ='11'!$F$335 -> 5 | AF27: ='11'!$F$354 -> 5 | AG27: ='11'!$F$365 -> 6 | AH27: ='11'!$F$376 -> 0 | AI27: ='11'!$F$386 -> 0 | AJ27: ='11'!$F$398 -> 0 | AK27: ='11'!$F$409 -> 0 | AL27: ='11'!$F$420 -> 0 | AM27: =SUM(D27:AL27) -> 75 | AN27: =AM27*$AN$4 -> 6000 | AP27: =SUM(AN27:AO28) -> 7600 | AQ27: 900 | AR27: =SUM(AP27:AQ28) -> 8500
A28: ทะเบียน | B28: 54-9562 (11) | C28: หลัง 17.00 | D28: ='11'!$G$17 -> 0 | E28: ='11'!$G$28 -> 2 | F28: ='11'!$G$39 -> 0 | G28: ='11'!$G$50 -> 1 | H28: ='11'!$G$61 -> 2 | I28: ='11'!$G$72 -> 2 | J28: ='11'!$G$83 -> 0 | K28: ='11'!$G$101 -> 0 | L28: ='11'!$G$112 -> 1 | M28: ='11'!$G$123 -> 0 | N28: ='11'!$G$134 -> 0 | O28: ='11'!$G$145 -> 0 | P28: ='11'!$G$156 -> 0 | Q28: ='11'!$G$167 -> 0 | R28: ='11'!$G$185 -> 0 | S28: ='11'!$G$196 -> 2 | T28: ='11'!$G$207 -> 0 | U28: ='11'!$G$218 -> 0 | V28: ='11'!$G$229 -> 0 | W28: ='11'!$G$240 -> 0 | X28: ='11'!$G$251 -> 0 | Y28: ='11'!$G$269 -> 0 | Z28: ='11'!$G$280 -> 0 | AA28: ='11'!$G$291 -> 0 | AB28: ='11'!$G$302 -> 0 | AC28: ='11'!$G$313 -> 1 | AD28: ='11'!$G$324 -> 3 | AE28: ='11'!$G$335 -> 0 | AF28: ='11'!$G$354 -> 1 | AG28: ='11'!$G$365 -> 1 | AH28: ='11'!$G$376 -> 0 | AI28: ='11'!$G$386 -> 0 | AJ28: ='11'!$G$398 -> 0 | AK28: ='11'!$G$409 -> 0 | AL28: ='11'!$G$420 -> 0 | AM28: =SUM(D28:AL28) -> 16 | AO28: =AM28*100 -> 1600
A29: 66120 | B29: นายชาญชัย บุตรศรีภูมิ | C29: 8.00-17.00 | D29: ='12'!$F$17 -> 6 | E29: ='12'!$F$28 -> 6 | F29: ='12'!$F$39 -> 2 | G29: ='12'!$F$50 -> 5 | H29: ='12'!$F$61 -> 6 | I29: ='12'!$F$72 -> 7 | J29: ='12'!$F$83 -> 5 | K29: ='12'!$F$101 -> 7 | L29: ='12'!$F$112 -> 6 | M29: ='12'!$F$123 -> 4 | N29: ='12'!$F$134 -> 5 | O29: ='12'!$F$145 -> 4 | P29: ='12'!$F$156 -> 6 | Q29: ='12'!$F$167 -> 5 | R29: ='12'!$F$185 -> 6 | S29: ='12'!$F$196 -> 4 | T29: ='12'!$F$207 -> 4 | U29: ='12'!$F$218 -> 0 | V29: ='12'!$F$229 -> 0 | W29: ='12'!$F$240 -> 0 | X29: ='12'!$F$251 -> 0 | Y29: ='12'!$F$269 -> 0 | Z29: ='12'!$F$280 -> 0 | AA29: ='12'!$F$291 -> 0 | AB29: ='12'!$F$302 -> 1 | AC29: ='12'!$F$313 -> 6 | AD29: ='12'!$F$324 -> 5 | AE29: ='12'!$F$335 -> 5 | AF29: ='12'!$F$354 -> 5 | AG29: ='12'!$F$365 -> 5 | AH29: ='12'!$F$376 -> 0 | AI29: ='12'!$F$386 -> 0 | AJ29: ='12'!$F$398 -> 0 | AK29: ='12'!$F$409 -> 0 | AL29: ='12'!$F$420 -> 0 | AM29: =SUM(D29:AL29) -> 115 | AN29: =AM29*$AN$4 -> 9200 | AP29: =SUM(AN29:AO30) -> 11600 | AQ29: 900 | AR29: =SUM(AP29:AQ30) -> 12500
A30: ทะเบียน | B30: 55-0169 (12) | C30: หลัง 17.00 | D30: ='12'!$G$17 -> 0 | E30: ='12'!$G$28 -> 2 | F30: ='12'!$G$39 -> 0 | G30: ='12'!$G$50 -> 1 | H30: ='12'!$G$61 -> 1 | I30: ='12'!$G$72 -> 1 | J30: ='12'!$G$83 -> 0 | K30: ='12'!$G$101 -> 3 | L30: ='12'!$G$112 -> 3 | M30: ='12'!$G$123 -> 1 | N30: ='12'!$G$134 -> 1 | O30: ='12'!$G$145 -> 4 | P30: ='12'!$G$156 -> 0 | Q30: ='12'!$G$167 -> 0 | R30: ='12'!$G$185 -> 0 | S30: ='12'!$G$196 -> 2 | T30: ='12'!$G$207 -> 0 | U30: ='12'!$G$218 -> 0 | V30: ='12'!$G$229 -> 0 | W30: ='12'!$G$240 -> 0 | X30: ='12'!$G$251 -> 0 | Y30: ='12'!$G$269 -> 0 | Z30: ='12'!$G$280 -> 0 | AA30: ='12'!$G$291 -> 0 | AB30: ='12'!$G$302 -> 0 | AC30: ='12'!$G$313 -> 0 | AD30: ='12'!$G$324 -> 3 | AE30: ='12'!$G$335 -> 0 | AF30: ='12'!$G$354 -> 2 | AG30: ='12'!$G$365 -> 0 | AH30: ='12'!$G$376 -> 0 | AI30: ='12'!$G$386 -> 0 | AJ30: ='12'!$G$398 -> 0 | AK30: ='12'!$G$409 -> 0 | AL30: ='12'!$G$420 -> 0 | AM30: =SUM(D30:AL30) -> 24 | AO30: =AM30*100 -> 2400
A31: 68032 | B31: นายอดิศักดิ์ แก้วโอภาส | C31: 8.00-17.00 | D31: ='13'!$F$17 -> 3 | E31: ='13'!$F$28 -> 3 | F31: ='13'!$F$39 -> 0 | G31: ='13'!$F$50 -> 4 | H31: ='13'!$F$61 -> 0 | I31: ='13'!$F$72 -> 0 | J31: ='13'!$F$83 -> 0 | K31: ='13'!$F$101 -> 2 | L31: ='13'!$F$112 -> 0 | M31: ='13'!$F$123 -> 0 | N31: ='13'!$F$134 -> 3 | O31: ='13'!$F$145 -> 2 | P31: ='13'!$F$156 -> 0 | Q31: ='13'!$F$167 -> 2 | R31: ='13'!$F$185 -> 0 | S31: ='13'!$F$196 -> 0 | T31: ='13'!$F$207 -> 0 | U31: ='13'!$F$218 -> 0 | V31: ='13'!$F$229 -> 0 | W31: ='13'!$F$240 -> 0 | X31: ='13'!$F$251 -> 0 | Y31: ='13'!$F$269 -> 0 | Z31: ='13'!$F$280 -> 0 | AA31: ='13'!$F$291 -> 0 | AB31: ='13'!$F$302 -> 0 | AC31: ='13'!$F$313 -> 4 | AD31: ='13'!$F$324 -> 0 | AE31: ='13'!$F$335 -> 0 | AF31: ='13'!$F$354 -> 1 | AG31: ='13'!$F$365 -> 2 | AH31: ='13'!$F$376 -> 0 | AI31: ='13'!$F$386 -> 0 | AJ31: ='13'!$F$398 -> 0 | AK31: ='13'!$F$409 -> 0 | AL31: ='13'!$F$420 -> 0 | AM31: =SUM(D31:AL31) -> 26 | AN31: =AM31*$AN$4 -> 2080 | AP31: =SUM(AN31:AO32) -> 2380 | AQ31: 0 | AR31: =SUM(AP31:AQ32) -> 2380
A32: ทะเบียน | B32: (13) | C32: หลัง 17.00 | D32: ='13'!$G$17 -> 0 | E32: ='13'!$G$28 -> 1 | F32: ='13'!$G$39 -> 0 | G32: ='13'!$G$50 -> 1 | H32: ='13'!$G$61 -> 0 | I32: ='13'!$G$72 -> 0 | J32: ='13'!$G$83 -> 0 | K32: ='13'!$G$101 -> 0 | L32: ='13'!$G$112 -> 0 | M32: ='13'!$G$123 -> 0 | N32: ='13'!$G$134 -> 1 | O32: ='13'!$G$145 -> 0 | P32: ='13'!$G$156 -> 0 | Q32: ='13'!$G$167 -> 0 | R32: ='13'!$G$185 -> 0 | S32: ='13'!$G$196 -> 0 | T32: ='13'!$G$207 -> 0 | U32: ='13'!$G$218 -> 0 | V32: ='13'!$G$229 -> 0 | W32: ='13'!$G$240 -> 0 | X32: ='13'!$G$251 -> 0 | Y32: ='13'!$G$269 -> 0 | Z32: ='13'!$G$280 -> 0 | AA32: ='13'!$G$291 -> 0 | AB32: ='13'!$G$302 -> 0 | AC32: ='13'!$G$313 -> 0 | AD32: ='13'!$G$324 -> 0 | AE32: ='13'!$G$335 -> 0 | AF32: ='13'!$G$354 -> 0 | AG32: ='13'!$G$365 -> 0 | AH32: ='13'!$G$376 -> 0 | AI32: ='13'!$G$386 -> 0 | AJ32: ='13'!$G$398 -> 0 | AK32: ='13'!$G$409 -> 0 | AL32: ='13'!$G$420 -> 0 | AM32: =SUM(D32:AL32) -> 3 | AO32: =AM32*100 -> 300
A33: 67072 | B33: นายพีรพล ภาสดา | C33: 8.00-17.00 | D33: ='14'!$F$17 -> 0 | E33: ='14'!$F$28 -> 0 | F33: ='14'!$F$39 -> 0 | G33: ='14'!$F$50 -> 0 | H33: ='14'!$F$61 -> 0 | I33: ='14'!$F$72 -> 0 | J33: ='14'!$F$83 -> 0 | K33: ='14'!$F$101 -> 1 | L33: ='14'!$F$112 -> 0 | M33: ='14'!$F$123 -> 0 | N33: ='14'!$F$134 -> 0 | O33: ='14'!$F$145 -> 0 | P33: ='14'!$F$156 -> 0 | Q33: ='14'!$F$167 -> 0 | R33: ='14'!$F$185 -> 2 | S33: ='14'!$F$196 -> 0 | T33: ='14'!$F$207 -> 0 | U33: ='14'!$F$218 -> 0 | V33: ='14'!$F$229 -> 0 | W33: ='14'!$F$240 -> 0 | X33: ='14'!$F$251 -> 0 | Y33: ='14'!$F$269 -> 0 | Z33: ='14'!$F$280 -> 0 | AA33: ='14'!$F$291 -> 0 | AB33: ='14'!$F$302 -> 0 | AC33: ='14'!$F$313 -> 0 | AD33: ='14'!$F$324 -> 0 | AE33: ='14'!$F$335 -> 0 | AF33: ='14'!$F$354 -> 0 | AG33: ='14'!$F$365 -> 0 | AH33: ='14'!$F$376 -> 0 | AI33: ='14'!$F$386 -> 0 | AJ33: ='14'!$F$398 -> 0 | AK33: ='14'!$F$409 -> 0 | AL33: ='14'!$F$420 -> 0 | AM33: =SUM(D33:AL33) -> 3 | AN33: =AM33*$AN$4 -> 240 | AP33: =SUM(AN33:AO34) -> 240 | AQ33: 0 | AR33: =SUM(AP33:AQ34) -> 240
A34: ทะเบียน | B34: (14) | C34: หลัง 17.00 | D34: ='14'!$G$17 -> 0 | E34: ='14'!$G$28 -> 0 | F34: ='14'!$G$39 -> 0 | G34: ='14'!$G$50 -> 0 | H34: ='14'!$G$61 -> 0 | I34: ='14'!$G$72 -> 0 | J34: ='14'!$G$83 -> 0 | K34: ='14'!$G$101 -> 0 | L34: ='14'!$G$112 -> 0 | M34: ='14'!$G$123 -> 0 | N34: ='14'!$G$134 -> 0 | O34: ='14'!$G$145 -> 0 | P34: ='14'!$G$156 -> 0 | Q34: ='14'!$G$167 -> 0 | R34: ='14'!$G$185 -> 0 | S34: ='14'!$G$196 -> 0 | T34: ='14'!$G$207 -> 0 | U34: ='14'!$G$218 -> 0 | V34: ='14'!$G$229 -> 0 | W34: ='14'!$G$240 -> 0 | X34: ='14'!$G$251 -> 0 | Y34: ='14'!$G$269 -> 0 | Z34: ='14'!$G$280 -> 0 | AA34: ='14'!$G$291 -> 0 | AB34: ='14'!$G$302 -> 0 | AC34: ='14'!$G$313 -> 0 | AD34: ='14'!$G$324 -> 0 | AE34: ='14'!$G$335 -> 0 | AF34: ='14'!$G$354 -> 0 | AG34: ='14'!$G$365 -> 0 | AH34: ='14'!$G$376 -> 0 | AI34: ='14'!$G$386 -> 0 | AJ34: ='14'!$G$398 -> 0 | AK34: ='14'!$G$409 -> 0 | AL34: ='14'!$G$420 -> 0 | AM34: =SUM(D34:AL34) -> 0 | AO34: =AM34*100 -> 0
C35: 8.00-17.00 | D35: ='15'!$F$17 -> 0 | E35: ='15'!$F$28 -> 0 | F35: ='15'!$F$39 -> 0 | G35: ='15'!$F$50 -> 0 | H35: ='15'!$F$61 -> 0 | I35: ='15'!$F$72 -> 0 | J35: ='15'!$F$83 -> 0 | K35: ='15'!$F$101 -> 0 | L35: ='15'!$F$112 -> 0 | M35: ='15'!$F$123 -> 0 | N35: ='15'!$F$134 -> 0 | O35: ='15'!$F$145 -> 0 | P35: ='15'!$F$156 -> 0 | Q35: ='15'!$F$167 -> 0 | R35: ='15'!$F$185 -> 0 | S35: ='15'!$F$196 -> 0 | T35: ='15'!$F$207 -> 0 | U35: ='15'!$F$218 -> 0 | V35: ='15'!$F$229 -> 0 | W35: ='15'!$F$240 -> 0 | X35: ='15'!$F$251 -> 0 | Y35: ='15'!$F$269 -> 0 | Z35: ='15'!$F$280 -> 0 | AA35: ='15'!$F$291 -> 0 | AB35: ='15'!$F$302 -> 0 | AC35: ='15'!$F$313 -> 0 | AD35: ='15'!$F$324 -> 0 | AE35: ='15'!$F$335 -> 0 | AF35: ='15'!$F$354 -> 0 | AG35: ='15'!$F$365 -> 0 | AH35: ='15'!$F$376 -> 0 | AI35: ='15'!$F$386 -> 0 | AJ35: ='15'!$F$398 -> 0 | AK35: ='15'!$F$409 -> 0 | AL35: ='15'!$F$420 -> 0 | AM35: =SUM(D35:AL35) -> 0 | AN35: =AM35*$AN$4 -> 0 | AP35: =SUM(AN35:AO36) -> 0 | AQ35: 0 | AR35: =SUM(AP35:AQ36) -> 0
A36: ทะเบียน | B36: (15) | C36: หลัง 17.00 | D36: ='15'!$G$17 -> 0 | E36: ='15'!$G$28 -> 0 | F36: ='15'!$G$39 -> 0 | G36: ='15'!$G$50 -> 0 | H36: ='15'!$G$61 -> 0 | I36: ='15'!$G$72 -> 0 | J36: ='15'!$G$83 -> 0 | K36: ='15'!$G$101 -> 0 | L36: ='15'!$G$112 -> 0 | M36: ='15'!$G$123 -> 0 | N36: ='15'!$G$134 -> 0 | O36: ='15'!$G$145 -> 0 | P36: ='15'!$G$156 -> 0 | Q36: ='15'!$G$167 -> 0 | R36: ='15'!$G$185 -> 0 | S36: ='15'!$G$196 -> 0 | T36: ='15'!$G$207 -> 0 | U36: ='15'!$G$218 -> 0 | V36: ='15'!$G$229 -> 0 | W36: ='15'!$G$240 -> 0 | X36: ='15'!$G$251 -> 0 | Y36: ='15'!$G$269 -> 0 | Z36: ='15'!$G$280 -> 0 | AA36: ='15'!$G$291 -> 0 | AB36: ='15'!$G$302 -> 0 | AC36: ='15'!$G$313 -> 0 | AD36: ='15'!$G$324 -> 0 | AE36: ='15'!$G$335 -> 0 | AF36: ='15'!$G$354 -> 0 | AG36: ='15'!$G$365 -> 0 | AH36: ='15'!$G$376 -> 0 | AI36: ='15'!$G$386 -> 0 | AJ36: ='15'!$G$398 -> 0 | AK36: ='15'!$G$409 -> 0 | AL36: ='15'!$G$420 -> 0 | AM36: =SUM(D36:AL36) -> 0 | AO36: =AM36*100 -> 0
C37: 8.00-17.00 | D37: =รถโม่เสริม!F17 -> 0 | E37: =รถโม่เสริม!$F$28 -> 0 | F37: =รถโม่เสริม!$F$39 -> 0 | G37: =รถโม่เสริม!$F$50 -> 0 | H37: =รถโม่เสริม!$F$61 -> 0 | I37: =รถโม่เสริม!$F$72 -> 0 | J37: =รถโม่เสริม!$F$83 -> 0 | K37: =รถโม่เสริม!$F$101 -> 0 | L37: =รถโม่เสริม!$F$112 -> 0 | M37: =รถโม่เสริม!$F$123 -> 0 | N37: =รถโม่เสริม!$F$134 -> 0 | O37: =รถโม่เสริม!$F$145 -> 0 | P37: =รถโม่เสริม!$F$156 -> 0 | Q37: =รถโม่เสริม!$F$167 -> 0 | R37: =รถโม่เสริม!$F$186 -> 0 | S37: =รถโม่เสริม!$F$197 -> 0 | T37: =รถโม่เสริม!$F$208 -> 0 | U37: =รถโม่เสริม!$F$219 -> 0 | V37: =รถโม่เสริม!$F$230 -> 0 | W37: =รถโม่เสริม!$F$241 -> 0 | X37: =รถโม่เสริม!$F$252 -> 0 | Y37: =รถโม่เสริม!$F$270 -> 0 | Z37: =รถโม่เสริม!$F$281 -> 0 | AA37: =รถโม่เสริม!$F$292 -> 0 | AB37: =รถโม่เสริม!$F$303 -> 0 | AC37: =รถโม่เสริม!$F$314 -> 0 | AD37: =รถโม่เสริม!$F$325 -> 0 | AE37: =รถโม่เสริม!$F$336 -> 0 | AF37: =รถโม่เสริม!$F$354 -> 0 | AG37: =รถโม่เสริม!$F$365 -> 0 | AH37: =รถโม่เสริม!F376 -> 0 | AI37: =รถโม่เสริม!F387 -> 0 | AJ37: =รถโม่เสริม!F398 -> 0 | AK37: =รถโม่เสริม!F409 -> 0 | AL37: =รถโม่เสริม!F420 -> 0 | AM37: =SUM(D37:AL37) -> 0 | AN37: =AM37*$AN$4 -> 0 | AP37: =SUM(AN37:AO38) -> 0 | AQ37: 0 | AR37: =SUM(AP37:AQ38) -> 0
C38: หลัง 17.00 | D38: =รถโม่เสริม!G17 -> 0 | E38: =รถโม่เสริม!$G$28 -> 0 | F38: =รถโม่เสริม!$G$39 -> 0 | G38: =รถโม่เสริม!$G$50 -> 0 | H38: =รถโม่เสริม!$G$61 -> 0 | I38: =รถโม่เสริม!$G$72 -> 0 | J38: =รถโม่เสริม!$G$83 -> 0 | K38: =รถโม่เสริม!$G$101 -> 0 | L38: =รถโม่เสริม!$G$112 -> 0 | M38: =รถโม่เสริม!$G$123 -> 0 | N38: =รถโม่เสริม!$G$134 -> 0 | O38: =รถโม่เสริม!$G$145 -> 0 | P38: =รถโม่เสริม!$G$156 -> 0 | Q38: =รถโม่เสริม!$G$167 -> 0 | R38: =รถโม่เสริม!$G$186 -> 0 | S38: =รถโม่เสริม!$G$197 -> 0 | T38: =รถโม่เสริม!$G$208 -> 0 | U38: =รถโม่เสริม!$G$219 -> 0 | V38: =รถโม่เสริม!$G$230 -> 0 | W38: =รถโม่เสริม!$G$241 -> 0 | X38: =รถโม่เสริม!$G$252 -> 0 | Y38: =รถโม่เสริม!$G$270 -> 0 | Z38: =รถโม่เสริม!$G$281 -> 0 | AA38: =รถโม่เสริม!$G$292 -> 0 | AB38: =รถโม่เสริม!$G$303 -> 0 | AC38: =รถโม่เสริม!$G$314 -> 0 | AD38: =รถโม่เสริม!$G$325 -> 0 | AE38: =รถโม่เสริม!$G$336 -> 0 | AF38: =รถโม่เสริม!$G$354 -> 0 | AG38: =รถโม่เสริม!$G$365 -> 0 | AH38: =รถโม่เสริม!G376 -> 0 | AI38: =รถโม่เสริม!G387 -> 0 | AJ38: =รถโม่เสริม!G398 -> 0 | AK38: =รถโม่เสริม!G409 -> 0 | AL38: =รถโม่เสริม!G420 -> 0 | AM38: =SUM(D38:AL38) -> 0 | AO38: =AM38*100 -> 0
A39: รวม | AN39: =SUM(AN7:AN38) -> 92520 | AO39: =SUM(AO7:AO38) -> 25200 | AP39: =SUM(AP7:AP38) -> 117720 | AQ39: =SUM(AQ7:AQ38) -> 9000 | AR39: =SUM(AR7:AR38) -> 126720
A40: รถเทรลเลอรร์หัวลาก | AM40: รวมเที่ยว | AN40: 200 | AO40: 0 | AP40: รวมค่าเที่ยว | AQ40: ค่าทำความสะอาดรถ | AR40: Total
AN41: รวมเป็นเงิน | AO41: รวมเป็นเงิน
A42: 67072 | B42: นายพีรพล ภาสดา | C42: ขนส่งหิน | D42: =เทรลเลอร์1!E7 -> 3 | E42: =เทรลเลอร์1!E9 -> 3 | F42: =เทรลเลอร์1!E11 -> 3 | G42: =เทรลเลอร์1!E13 -> 2 | H42: =เทรลเลอร์1!E15 -> 2 | I42: =เทรลเลอร์1!E17 -> 3 | J42: =เทรลเลอร์1!E19 -> 2 | K42: =เทรลเลอร์1!E21 -> 3 | L42: =เทรลเลอร์1!E23 -> 0 | M42: =เทรลเลอร์1!E25 -> 0 | N42: =เทรลเลอร์1!E27 -> 0 | O42: =เทรลเลอร์1!E29 -> 0 | P42: =เทรลเลอร์1!E31 -> 0 | Q42: =เทรลเลอร์1!E33 -> 2 | R42: =เทรลเลอร์1!E35 -> 1 | S42: =เทรลเลอร์1!E37 -> 2 | T42: =เทรลเลอร์1!E39 -> 3 | U42: =เทรลเลอร์1!E50 -> 0 | V42: =เทรลเลอร์1!E52 -> 0 | W42: =เทรลเลอร์1!E54 -> 0 | X42: =เทรลเลอร์1!E56 -> 0 | Y42: =เทรลเลอร์1!E58 -> 4 | Z42: =เทรลเลอร์1!E60 -> 4 | AA42: =เทรลเลอร์1!E62 -> 4 | AB42: =เทรลเลอร์1!E64 -> 0 | AC42: =เทรลเลอร์1!E66 -> 3 | AD42: =เทรลเลอร์1!E68 -> 3 | AE42: =เทรลเลอร์1!E70 -> 3 | AF42: =เทรลเลอร์1!E72 -> 4 | AG42: =เทรลเลอร์1!E74 -> 4 | AH42: =เทรลเลอร์1!E76 -> 0 | AI42: =เทรลเลอร์1!E78 -> 0 | AJ42: =เทรลเลอร์1!E80 -> 0 | AK42: =เทรลเลอร์1!E82 -> 0 | AL42: =เทรลเลอร์1!E84 -> 0 | AM42: =SUM(D42:AL42) -> 58 | AN42: =AM42*$AN$40 -> 11600 | AP42: =SUM(AN42:AO43) -> 11600 | AQ42: 1000 | AR42: =SUM(AP42:AQ43) -> 12600
A43: ทะเบียน | B43: 55-0544 | C43: ขนส่งอื่นๆ | D43: =เทรลเลอร์1!E8 -> 0 | E43: =เทรลเลอร์1!E10 -> 0 | F43: =เทรลเลอร์1!E12 -> 0 | G43: =เทรลเลอร์1!E14 -> 0 | H43: =เทรลเลอร์1!E16 -> 0 | I43: =เทรลเลอร์1!E18 -> 0 | J43: =เทรลเลอร์1!E20 -> 0 | K43: =เทรลเลอร์1!E22 -> 0 | L43: =เทรลเลอร์1!E24 -> 0 | M43: =เทรลเลอร์1!E26 -> 0 | N43: =เทรลเลอร์1!E28 -> 0 | O43: =เทรลเลอร์1!E30 -> 0 | P43: =เทรลเลอร์1!E32 -> 0 | Q43: =เทรลเลอร์1!E34 -> 0 | R43: =เทรลเลอร์1!E36 -> 0 | S43: =เทรลเลอร์1!E38 -> 0 | T43: =เทรลเลอร์1!E40 -> 0 | U43: =เทรลเลอร์1!E51 -> 0 | V43: =เทรลเลอร์1!E53 -> 0 | W43: =เทรลเลอร์1!E55 -> 0 | X43: =เทรลเลอร์1!E57 -> 0 | Y43: =เทรลเลอร์1!E59 -> 0 | Z43: =เทรลเลอร์1!E61 -> 0 | AA43: =เทรลเลอร์1!E63 -> 0 | AB43: =เทรลเลอร์1!E65 -> 0 | AC43: =เทรลเลอร์1!E67 -> 0 | AD43: =เทรลเลอร์1!E69 -> 0 | AE43: =เทรลเลอร์1!E71 -> 0 | AF43: =เทรลเลอร์1!E73 -> 0 | AG43: =เทรลเลอร์1!E75 -> 0 | AH43: =เทรลเลอร์1!E77 -> 0 | AI43: =เทรลเลอร์1!E79 -> 0 | AJ43: =เทรลเลอร์1!E81 -> 0 | AK43: =เทรลเลอร์1!E83 -> 0 | AL43: =เทรลเลอร์1!E84 -> 0 | AM43: =SUM(D43:AL43) -> 0 | AO43: =AM43*AO40 -> 0
A44: 65041 | B44: นายสายฟ้า ศรีโย | C44: ขนส่งหิน | D44: =เทรลเลอร์2!E7 -> 0 | E44: =เทรลเลอร์2!E9 -> 0 | F44: =เทรลเลอร์2!E11 -> 0 | G44: =เทรลเลอร์2!E13 -> 0 | H44: =เทรลเลอร์2!E15 -> 0 | I44: =เทรลเลอร์2!E17 -> 0 | J44: =เทรลเลอร์2!E19 -> 0 | K44: =เทรลเลอร์2!E21 -> 0 | L44: =เทรลเลอร์2!E23 -> 3 | M44: =เทรลเลอร์2!E25 -> 3 | N44: =เทรลเลอร์2!E27 -> 3 | O44: =เทรลเลอร์2!E29 -> 2 | P44: =เทรลเลอร์2!E31 -> 2 | Q44: =เทรลเลอร์2!E33 -> 0 | R44: =เทรลเลอร์2!E35 -> 0 | S44: =เทรลเลอร์2!E37 -> 0 | T44: =เทรลเลอร์2!E39 -> 0 | U44: =เทรลเลอร์2!E50 -> 0 | V44: =เทรลเลอร์2!E52 -> 0 | W44: =เทรลเลอร์2!E54 -> 0 | X44: =เทรลเลอร์2!E56 -> 0 | Y44: =เทรลเลอร์2!E58 -> 0 | Z44: =เทรลเลอร์2!E60 -> 0 | AA44: =เทรลเลอร์2!E62 -> 0 | AB44: =เทรลเลอร์2!E64 -> 0 | AC44: =เทรลเลอร์2!E66 -> 0 | AD44: =เทรลเลอร์2!E68 -> 0 | AE44: =เทรลเลอร์2!E70 -> 0 | AF44: =เทรลเลอร์2!E72 -> 0 | AG44: =เทรลเลอร์2!E74 -> 0 | AH44: =เทรลเลอร์2!E76 -> 0 | AI44: =เทรลเลอร์2!E78 -> 0 | AJ44: =เทรลเลอร์2!E80 -> 0 | AK44: =เทรลเลอร์2!E82 -> 0 | AL44: =เทรลเลอร์2!E84 -> 0 | AM44: =SUM(D44:AL44) -> 13 | AN44: =AM44*$AN$40 -> 2600 | AP44: =SUM(AN44:AO45) -> 2600 | AQ44: 0 | AR44: =SUM(AP44:AQ45) -> 2600
A45: ทะเบียน | B45: 55-0544 | C45: ขนส่งอื่นๆ | D45: =เทรลเลอร์2!E8 -> 0 | E45: =เทรลเลอร์2!E10 -> 0 | F45: =เทรลเลอร์2!E12 -> 0 | G45: =เทรลเลอร์2!E14 -> 0 | H45: =เทรลเลอร์2!E16 -> 0 | I45: =เทรลเลอร์2!E18 -> 0 | J45: =เทรลเลอร์2!E20 -> 0 | K45: =เทรลเลอร์2!E22 -> 0 | L45: =เทรลเลอร์2!E24 -> 0 | M45: =เทรลเลอร์2!E26 -> 0 | N45: =เทรลเลอร์2!E28 -> 0 | O45: =เทรลเลอร์2!E30 -> 0 | P45: =เทรลเลอร์2!E32 -> 0 | Q45: =เทรลเลอร์2!E34 -> 0 | R45: =เทรลเลอร์2!E36 -> 0 | S45: =เทรลเลอร์2!E38 -> 0 | T45: =เทรลเลอร์2!E40 -> 0 | U45: =เทรลเลอร์2!E51 -> 0 | V45: =เทรลเลอร์2!E53 -> 0 | W45: =เทรลเลอร์2!E55 -> 0 | X45: =เทรลเลอร์2!E57 -> 0 | Y45: =เทรลเลอร์2!E59 -> 0 | Z45: =เทรลเลอร์2!E61 -> 0 | AA45: =เทรลเลอร์2!E63 -> 0 | AB45: =เทรลเลอร์2!E65 -> 0 | AC45: =เทรลเลอร์2!E67 -> 0 | AD45: =เทรลเลอร์2!E69 -> 0 | AE45: =เทรลเลอร์2!E71 -> 0 | AF45: =เทรลเลอร์2!E73 -> 0 | AG45: =เทรลเลอร์2!E75 -> 0 | AH45: =เทรลเลอร์2!E77 -> 0 | AI45: =เทรลเลอร์2!E79 -> 0 | AJ45: =เทรลเลอร์2!E81 -> 0 | AK45: =เทรลเลอร์2!E83 -> 0 | AL45: =เทรลเลอร์2!E84 -> 0 | AM45: =SUM(D45:AL45) -> 0 | AO45: =AM45*AO40 -> 0
C46: ขนส่งหิน | D46: =เทรลเลอร์3!E7 -> 0 | E46: =เทรลเลอร์3!E9 -> 0 | F46: =เทรลเลอร์3!E11 -> 0 | G46: =เทรลเลอร์3!E13 -> 0 | H46: =เทรลเลอร์3!E15 -> 0 | I46: =เทรลเลอร์3!E17 -> 0 | J46: =เทรลเลอร์3!E19 -> 0 | K46: =เทรลเลอร์3!E21 -> 0 | L46: =เทรลเลอร์3!E23 -> 0 | M46: =เทรลเลอร์3!E25 -> 0 | N46: =เทรลเลอร์3!E27 -> 0 | O46: =เทรลเลอร์3!E29 -> 0 | P46: =เทรลเลอร์3!E31 -> 0 | Q46: =เทรลเลอร์3!E33 -> 0 | R46: =เทรลเลอร์3!E35 -> 0 | S46: =เทรลเลอร์3!E37 -> 0 | T46: =เทรลเลอร์3!E39 -> 0 | U46: =เทรลเลอร์3!E50 -> 0 | V46: =เทรลเลอร์3!E52 -> 0 | W46: =เทรลเลอร์3!E54 -> 0 | X46: =เทรลเลอร์3!E56 -> 0 | Y46: =เทรลเลอร์3!E58 -> 0 | Z46: =เทรลเลอร์3!E60 -> 0 | AA46: =เทรลเลอร์3!E62 -> 0 | AB46: =เทรลเลอร์3!E64 -> 0 | AC46: =เทรลเลอร์3!E66 -> 0 | AD46: =เทรลเลอร์3!E68 -> 0 | AE46: =เทรลเลอร์3!E70 -> 0 | AF46: =เทรลเลอร์3!E72 -> 0 | AG46: =เทรลเลอร์3!E74 -> 0 | AH46: =เทรลเลอร์3!E76 -> 0 | AI46: =เทรลเลอร์3!E78 -> 0 | AJ46: =เทรลเลอร์3!E80 -> 0 | AK46: =เทรลเลอร์3!E82 -> 0 | AL46: =เทรลเลอร์3!E84 -> 0 | AM46: =SUM(D46:AL46) -> 0 | AN46: =AM46*$AN$40 -> 0 | AP46: =SUM(AN46:AO47) -> 0 | AQ46: 0 | AR46: =SUM(AP46:AQ47) -> 0
A47: ทะเบียน | C47: ขนส่งอื่นๆ | D47: =เทรลเลอร์3!E8 -> 0 | E47: =เทรลเลอร์3!E10 -> 0 | F47: =เทรลเลอร์3!E12 -> 0 | G47: =เทรลเลอร์3!E14 -> 0 | H47: =เทรลเลอร์3!E16 -> 0 | I47: =เทรลเลอร์3!E18 -> 0 | J47: =เทรลเลอร์3!E20 -> 0 | K47: =เทรลเลอร์3!E22 -> 0 | L47: =เทรลเลอร์3!E24 -> 0 | M47: =เทรลเลอร์3!E26 -> 0 | N47: =เทรลเลอร์3!E28 -> 0 | O47: =เทรลเลอร์3!E30 -> 0 | P47: =เทรลเลอร์3!E32 -> 0 | Q47: =เทรลเลอร์3!E34 -> 0 | R47: =เทรลเลอร์3!E36 -> 0 | S47: =เทรลเลอร์3!E38 -> 0 | T47: =เทรลเลอร์3!E40 -> 0 | U47: =เทรลเลอร์3!E51 -> 0 | V47: =เทรลเลอร์3!E53 -> 0 | W47: =เทรลเลอร์3!E55 -> 0 | X47: =เทรลเลอร์3!E57 -> 0 | Y47: =เทรลเลอร์3!E59 -> 0 | Z47: =เทรลเลอร์3!E61 -> 0 | AA47: =เทรลเลอร์3!E63 -> 0 | AB47: =เทรลเลอร์3!E65 -> 0 | AC47: =เทรลเลอร์3!E67 -> 0 | AD47: =เทรลเลอร์3!E69 -> 0 | AE47: =เทรลเลอร์3!E71 -> 0 | AF47: =เทรลเลอร์3!E73 -> 0 | AG47: =เทรลเลอร์3!E75 -> 0 | AH47: =เทรลเลอร์3!E77 -> 0 | AI47: =เทรลเลอร์3!E79 -> 0 | AJ47: =เทรลเลอร์3!E81 -> 0 | AK47: =เทรลเลอร์3!E83 -> 0 | AL47: =เทรลเลอร์3!E84 -> 0 | AM47: =SUM(D47:AL47) -> 0 | AO47: =AM47*AO40 -> 0
A48: รวม | AN48: =SUM(AN42:AN47) -> 14200 | AO48: =SUM(AO42:AO47) -> 0 | AP48: =SUM(AP42:AP47) -> 14200 | AQ48: =SUM(AQ42:AQ47) -> 1000 | AR48: =SUM(AR42:AR47) -> 15200
A49: รถน้ำ | AM49: รวมเที่ยว | AN49: เที่ยวละ | AP49: รวม | AQ49: อื่นๆ | AR49: Total
A50: 68032 | B50: นายอดิศักดิ์ แก้วโอภาส | C50: รถน้ำ | D50: =รถน้ำ!$D$7 -> 7 | E50: 7 | F50: =รถน้ำ!$D$11 -> 13 | G50: 1 | H50: 0 | I50: =รถน้ำ!$D$17 -> 11 | J50: =รถน้ำ!$D$19 -> 7 | K50: 9 | L50: =รถน้ำ!$D$23 -> 17 | M50: =รถน้ำ!$D$25 -> 12 | N50: =รถน้ำ!$D$27 -> 10 | O50: =รถน้ำ!$D$29 -> 11 | P50: =รถน้ำ!$D$31 -> 14 | Q50: =รถน้ำ!$D$33 -> 10 | R50: =รถน้ำ!$D$35 -> 11 | S50: =รถน้ำ!$D$37 -> 13 | T50: =รถน้ำ!$D$39 -> 10 | U50: =รถน้ำ!$D$50 -> 0 | V50: =รถน้ำ!$D$52 -> 0 | W50: =รถน้ำ!$D$54 -> 0 | X50: =รถน้ำ!$D$56 -> 0 | Y50: =รถน้ำ!$D$58 -> 0 | Z50: =รถน้ำ!$D$60 -> 0 | AA50: =รถน้ำ!$D$62 -> 7 | AB50: =รถน้ำ!$D$64 -> 3 | AC50: =รถน้ำ!$D$66 -> 7 | AD50: =รถน้ำ!$D$68 -> 14 | AE50: =รถน้ำ!$D$70 -> 10 | AF50: =รถน้ำ!$D$72 -> 13 | AG50: =รถน้ำ!$D$74 -> 7 | AH50: =รถน้ำ!$D$76 -> 0 | AI50: =รถน้ำ!$D$78 -> 0 | AJ50: =รถน้ำ!$D$80 -> 0 | AK50: =รถน้ำ!$D$82 -> 0 | AL50: =รถน้ำ!$D$84 -> 0 | AM50: =SUM(D50:AL50) -> 224 | AN50: 45 | AP50: =AM50*AN50 -> 10080 | AQ50: 0 | AR50: =AP50+AQ50 -> 10080
A51: 68029 | B51: นายพรชัย วิจารณ์ | C51: รถน้ำ | D51: 0 | E51: 3 | F51: 0 | G51: 0 | H51: 0 | I51: 0 | J51: 0 | K51: 0 | L51: 0 | M51: 0 | N51: 0 | O51: 0 | P51: 0 | Q51: 0 | R51: 0 | S51: 0 | T51: 0 | U51: =รถน้ำ!$D$50 -> 0 | V51: =รถน้ำ!$D$52 -> 0 | W51: =รถน้ำ!$D$54 -> 0 | X51: =รถน้ำ!$D$56 -> 0 | Y51: =รถน้ำ!$D$58 -> 0 | Z51: =รถน้ำ!$D$60 -> 0 | AA51: 0 | AB51: 0 | AC51: 0 | AD51: 0 | AE51: 0 | AF51: 0 | AG51: 0 | AH51: =รถน้ำ!$D$76 -> 0 | AI51: =รถน้ำ!$D$78 -> 0 | AJ51: =รถน้ำ!$D$80 -> 0 | AK51: =รถน้ำ!$D$82 -> 0 | AL51: =รถน้ำ!$D$84 -> 0 | AM51: =SUM(D51:AL51) -> 3 | AN51: 45 | AP51: =AM51*AN51 -> 135 | AQ51: 0 | AR51: =AP51+AQ51 -> 135
A52: 67007 | B52: นายพิทักษ์ โประณะ | C52: รถน้ำ | D52: 0 | E52: 0 | F52: 0 | G52: 0 | H52: 4 | I52: 0 | J52: 0 | K52: 0 | L52: 0 | M52: 0 | N52: 0 | O52: 0 | P52: 0 | Q52: 0 | R52: 0 | S52: 0 | T52: 0 | U52: =รถน้ำ!$D$50 -> 0 | V52: =รถน้ำ!$D$52 -> 0 | W52: =รถน้ำ!$D$54 -> 0 | X52: =รถน้ำ!$D$56 -> 0 | Y52: =รถน้ำ!$D$58 -> 0 | Z52: =รถน้ำ!$D$60 -> 0 | AA52: 0 | AB52: 0 | AC52: 0 | AD52: 0 | AE52: 0 | AF52: 0 | AG52: 0 | AH52: =รถน้ำ!$D$76 -> 0 | AI52: =รถน้ำ!$D$78 -> 0 | AJ52: =รถน้ำ!$D$80 -> 0 | AK52: =รถน้ำ!$D$82 -> 0 | AL52: =รถน้ำ!$D$84 -> 0 | AM52: =SUM(D52:AL52) -> 4 | AN52: 45 | AP52: =AM52*AN52 -> 180 | AQ52: 0 | AR52: =AP52+AQ52 -> 180
A53: 65041 | B53: นายสายฟ้า ศรีโย | C53: รถน้ำ | D53: 0 | E53: 0 | F53: 0 | G53: 0 | H53: 0 | I53: 0 | J53: 0 | K53: 2 | L53: 0 | M53: 0 | N53: 0 | O53: 0 | P53: 0 | Q53: 0 | R53: 0 | S53: 0 | T53: 0 | U53: =รถน้ำ!$D$50 -> 0 | V53: =รถน้ำ!$D$52 -> 0 | W53: =รถน้ำ!$D$54 -> 0 | X53: =รถน้ำ!$D$56 -> 0 | Y53: =รถน้ำ!$D$58 -> 0 | Z53: =รถน้ำ!$D$60 -> 0 | AA53: 0 | AB53: 0 | AC53: 0 | AD53: 0 | AE53: 0 | AF53: 0 | AG53: 0 | AH53: =รถน้ำ!$D$76 -> 0 | AI53: =รถน้ำ!$D$78 -> 0 | AJ53: =รถน้ำ!$D$80 -> 0 | AK53: =รถน้ำ!$D$82 -> 0 | AL53: =รถน้ำ!$D$84 -> 0 | AM53: =SUM(D53:AL53) -> 2 | AN53: 45 | AP53: =AM53*AN53 -> 90 | AQ53: 0 | AR53: =AP53+AQ53 -> 90
A54: 67072 | B54: นายพีรพล ภาสดา | C54: รถน้ำ | D54: 0 | E54: 0 | F54: 0 | G54: 7 | H54: 7 | I54: 0 | J54: 0 | K54: 0 | L54: 0 | M54: 0 | N54: 0 | O54: 0 | P54: 0 | Q54: 0 | R54: 0 | S54: 0 | T54: 0 | U54: =รถน้ำ!$D$50 -> 0 | V54: =รถน้ำ!$D$52 -> 0 | W54: =รถน้ำ!$D$54 -> 0 | X54: =รถน้ำ!$D$56 -> 0 | Y54: =รถน้ำ!$D$58 -> 0 | Z54: =รถน้ำ!$D$60 -> 0 | AA54: 0 | AB54: 0 | AC54: 0 | AD54: 0 | AE54: 0 | AF54: 0 | AG54: 0 | AH54: =รถน้ำ!$D$76 -> 0 | AI54: =รถน้ำ!$D$78 -> 0 | AJ54: =รถน้ำ!$D$80 -> 0 | AK54: =รถน้ำ!$D$82 -> 0 | AL54: =รถน้ำ!$D$84 -> 0 | AM54: =SUM(D54:AL54) -> 14 | AN54: 45 | AP54: =AM54*AN54 -> 630 | AQ54: 0 | AR54: =AP54+AQ54 -> 630
A55: รวม | AP55: =SUM(AP50:AP54) -> 11115 | AQ55: =SUM(AQ50:AQ54) -> 0 | AR55: =SUM(AR50:AR54) -> 11115
A56: รถ Loader | AM56: รวมคิว | AN56: คิวละ | AP56: รวม | AQ56: อื่นๆ | AR56: Total
A57: 62077 | B57: นายเจษฎา โกติรัมย์ | C57: loader | D57: =Loader!D7 -> 311.5 | E57: =Loader!D9 -> 516 | F57: =Loader!D11 -> 167.25 | G57: =Loader!D13 -> 361.25 | H57: =Loader!$D$15 -> 413.75 | I57: =Loader!D17 -> 422.5 | J57: 0 | K57: 0 | L57: =Loader!$D$23 -> 609 | M57: =Loader!D25 -> 217 | N57: =Loader!D27 -> 354.75 | O57: =Loader!D29 -> 505.5 | P57: =Loader!D31 -> 369.75 | Q57: =Loader!D33 -> 284 | R57: =Loader!D35 -> 322 | S57: =Loader!$D$37 -> 318.25 | T57: =Loader!D39 -> 251 | U57: =Loader!$D$50 -> 0 | V57: =Loader!$D$52 -> 0 | W57: =Loader!D54 -> 0 | X57: =Loader!$D$56 -> 0 | Y57: =Loader!$D$58 -> 0 | Z57: =Loader!D60 -> 0 | AA57: =Loader!$D$62 -> 10 | AB57: =Loader!$D$64 -> 60 | AC57: =Loader!$D$66 -> 396.5 | AD57: =Loader!$D$68 -> 523.5 | AE57: =Loader!$D$70 -> 272.25 | AF57: =Loader!$D$72 -> 479.5 | AG57: =Loader!$D$74 -> 422.7 | AH57: =Loader!$D$76 -> 0 | AI57: =Loader!$D$78 -> 0 | AJ57: =Loader!$D$80 -> 0 | AK57: =Loader!$D$82 -> 0 | AL57: =Loader!$D$84 -> 0 | AM57: =SUM(D57:AL57) -> 7587.95 | AN57: 2 | AP57: =AM57*AN57 -> 15175.9 | AQ57: 0 | AR57: =AP57+AQ57 -> 15175.9
A58: Admin , QC , ช่าง , โหลดคอนกรีต | AM58: รวมคิว | AN58: คิวละ | AP58: รวม | AQ58: อื่นๆ | AR58: Total
A59: 62068 | B59: นางสาวชลธิชา คงเจริญ | C59: Admin | D59: =Loader!D7 -> 311.5 | E59: =Loader!D9 -> 516 | F59: =Loader!D11 -> 167.25 | G59: =Loader!D13 -> 361.25 | H59: =Loader!D15 -> 413.75 | I59: =Loader!D17 -> 422.5 | J59: =Loader!D19 -> 241 | K59: 0 | L59: =Loader!D23 -> 609 | M59: =Loader!D25 -> 217 | N59: =Loader!D27 -> 354.75 | O59: =Loader!D29 -> 505.5 | P59: =Loader!D31 -> 369.75 | Q59: =Loader!D33 -> 284 | R59: =Loader!D35 -> 322 | S59: =Loader!D37 -> 318.25 | T59: =Loader!D39 -> 251 | U59: =Loader!D50 -> 0 | V59: =Loader!D52 -> 0 | W59: =Loader!D54 -> 0 | X59: =Loader!D56 -> 0 | Y59: =Loader!D58 -> 0 | Z59: =Loader!D60 -> 0 | AA59: =Loader!D62 -> 10 | AB59: =Loader!D64 -> 60 | AC59: =Loader!D66 -> 396.5 | AD59: =Loader!D68 -> 523.5 | AE59: =Loader!D70 -> 272.25 | AF59: =Loader!D72 -> 479.5 | AG59: =Loader!D74 -> 422.7 | AH59: =Loader!D76 -> 0 | AI59: =Loader!D78 -> 0 | AJ59: =Loader!D80 -> 0 | AK59: =Loader!D82 -> 0 | AL59: =Loader!D84 -> 0 | AM59: =SUM(D59:AL59) -> 7828.95 | AN59: 1 | AP59: =AM59*$AN$59 -> 7828.95 | AQ59: 0 | AR59: =AP59+AQ59 -> 7828.95
A60: 63012 | B60: นางสาวสุกัญญา แสงเงิน | C60: Admin | D60: =Loader!D7 -> 311.5 | E60: =Loader!D9 -> 516 | F60: =Loader!D11 -> 167.25 | G60: =Loader!D13 -> 361.25 | H60: =Loader!D15 -> 413.75 | I60: =Loader!D17 -> 422.5 | J60: =Loader!D19 -> 241 | K60: 0 | L60: =Loader!D23 -> 609 | M60: 0 | N60: 0 | O60: =Loader!D29 -> 505.5 | P60: =Loader!D31 -> 369.75 | Q60: =Loader!D33 -> 284 | R60: =Loader!D35 -> 322 | S60: =Loader!D37 -> 318.25 | T60: =Loader!D39 -> 251 | U60: =Loader!D50 -> 0 | V60: =Loader!D52 -> 0 | W60: =Loader!D54 -> 0 | X60: =Loader!D56 -> 0 | Y60: =Loader!D58 -> 0 | Z60: =Loader!D60 -> 0 | AA60: =Loader!D62 -> 10 | AB60: 0 | AC60: =Loader!D66 -> 396.5 | AD60: =Loader!D68 -> 523.5 | AE60: =Loader!D70 -> 272.25 | AF60: =Loader!D72 -> 479.5 | AG60: =Loader!D74 -> 422.7 | AH60: =Loader!D76 -> 0 | AI60: =Loader!D78 -> 0 | AJ60: =Loader!D80 -> 0 | AK60: =Loader!D82 -> 0 | AL60: =Loader!D84 -> 0 | AM60: =SUM(D60:AL60) -> 7197.2 | AN60: 1 | AP60: =AM60*$AN$59 -> 7197.2 | AQ60: 0 | AR60: =AP60+AQ60 -> 7197.2
A61: 63033 | B61: นายพงษ์ดนัย ดีวงศ์สาย | C61: QC | D61: =Loader!D7 -> 311.5 | E61: =Loader!D9 -> 516 | F61: =Loader!D11 -> 167.25 | G61: =Loader!D13 -> 361.25 | H61: =Loader!D15 -> 413.75 | I61: =Loader!D17 -> 422.5 | J61: =Loader!D19 -> 241 | K61: 0 | L61: =Loader!D23 -> 609 | M61: =Loader!D25 -> 217 | N61: =Loader!D27 -> 354.75 | O61: 0 | P61: =Loader!D31 -> 369.75 | Q61: =Loader!D33 -> 284 | R61: =Loader!D35 -> 322 | S61: =Loader!D37 -> 318.25 | T61: =Loader!D39 -> 251 | U61: =Loader!D50 -> 0 | V61: =Loader!D52 -> 0 | W61: =Loader!D54 -> 0 | X61: =Loader!D56 -> 0 | Y61: =Loader!D58 -> 0 | Z61: =Loader!D60 -> 0 | AA61: =Loader!D62 -> 10 | AB61: =Loader!D64 -> 60 | AC61: 0 | AD61: =Loader!D68 -> 523.5 | AE61: =Loader!D70 -> 272.25 | AF61: =Loader!D72 -> 479.5 | AG61: =Loader!D74 -> 422.7 | AH61: =Loader!D76 -> 0 | AI61: =Loader!D78 -> 0 | AJ61: =Loader!D80 -> 0 | AK61: =Loader!D82 -> 0 | AL61: =Loader!D84 -> 0 | AM61: =SUM(D61:AL61) -> 6926.95 | AN61: 1 | AP61: =AM61*$AN$59 -> 6926.95 | AQ61: 0 | AR61: =AP61+AQ61 -> 6926.95
A62: 64018 | B62: นายอุทัย ปรองดอง | C62: QC | D62: =Loader!D7 -> 311.5 | E62: =Loader!D9 -> 516 | F62: =Loader!D11 -> 167.25 | G62: =Loader!D13 -> 361.25 | H62: =Loader!D15 -> 413.75 | I62: =Loader!D17 -> 422.5 | J62: =Loader!D19 -> 241 | K62: 0 | L62: =Loader!D23 -> 609 | M62: =Loader!D25 -> 217 | N62: =Loader!D27 -> 354.75 | O62: =Loader!D29 -> 505.5 | P62: 0 | Q62: =Loader!D33 -> 284 | R62: =Loader!D35 -> 322 | S62: =Loader!D37 -> 318.25 | T62: =Loader!D39 -> 251 | U62: =Loader!D50 -> 0 | V62: =Loader!D52 -> 0 | W62: =Loader!D54 -> 0 | X62: =Loader!D56 -> 0 | Y62: =Loader!D58 -> 0 | Z62: =Loader!D60 -> 0 | AA62: =Loader!D62 -> 10 | AB62: =Loader!D64 -> 60 | AC62: =Loader!D66 -> 396.5 | AD62: =Loader!D68 -> 523.5 | AE62: =Loader!D70 -> 272.25 | AF62: =Loader!D72 -> 479.5 | AG62: =Loader!D74 -> 422.7 | AH62: =Loader!D76 -> 0 | AI62: =Loader!D78 -> 0 | AJ62: =Loader!D80 -> 0 | AK62: =Loader!D82 -> 0 | AL62: =Loader!D84 -> 0 | AM62: =SUM(D62:AL62) -> 7459.2 | AN62: 1 | AP62: =AM62*$AN$59 -> 7459.2 | AQ62: 0 | AR62: =AP62+AQ62 -> 7459.2
A63: 66075 | B63: นายภัทรพงษ์ ชุมนวล | C63: QC | D63: 0 | E63: 0 | F63: =Loader!D11 -> 167.25 | G63: =Loader!D13 -> 361.25 | H63: =Loader!D15 -> 413.75 | I63: =Loader!D17 -> 422.5 | J63: =Loader!D19 -> 241 | K63: 0 | L63: =Loader!D23 -> 609 | M63: 0 | N63: 0 | O63: =Loader!D29 -> 505.5 | P63: =Loader!D31 -> 369.75 | Q63: =Loader!D33 -> 284 | R63: =Loader!D35 -> 322 | S63: =Loader!D37 -> 318.25 | T63: =Loader!D39 -> 251 | U63: =Loader!D50 -> 0 | V63: =Loader!D52 -> 0 | W63: =Loader!D54 -> 0 | X63: =Loader!D56 -> 0 | Y63: =Loader!D58 -> 0 | Z63: =Loader!D60 -> 0 | AA63: =Loader!D62 -> 10 | AB63: =Loader!D64 -> 60 | AC63: =Loader!D66 -> 396.5 | AD63: =Loader!D68 -> 523.5 | AE63: 0 | AF63: =Loader!D72 -> 479.5 | AG63: =Loader!D74 -> 422.7 | AH63: =Loader!D76 -> 0 | AI63: =Loader!D78 -> 0 | AJ63: =Loader!D80 -> 0 | AK63: =Loader!D82 -> 0 | AL63: =Loader!D84 -> 0 | AM63: =SUM(D63:AL63) -> 6157.45 | AN63: 1 | AP63: =AM63*$AN$59 -> 6157.45 | AQ63: 0 | AR63: =AP63+AQ63 -> 6157.45
A64: 67087 | B64: นายเกรียงไกร แสนสุภา | C64: QC | D64: =Loader!D7 -> 311.5 | E64: =Loader!D9 -> 516 | F64: =Loader!D11 -> 167.25 | G64: =Loader!D13 -> 361.25 | H64: =Loader!D15 -> 413.75 | I64: =Loader!D17 -> 422.5 | J64: =Loader!D19 -> 241 | K64: 0 | L64: =Loader!D23 -> 609 | M64: =Loader!D25 -> 217 | N64: =Loader!D27 -> 354.75 | O64: =Loader!D29 -> 505.5 | P64: =Loader!D31 -> 369.75 | Q64: =Loader!D33 -> 284 | R64: =Loader!D35 -> 322 | S64: =Loader!D37 -> 318.25 | T64: =Loader!D39 -> 251 | U64: =Loader!D50 -> 0 | V64: =Loader!D52 -> 0 | W64: =Loader!D54 -> 0 | X64: =Loader!D56 -> 0 | Y64: =Loader!D58 -> 0 | Z64: =Loader!D60 -> 0 | AA64: =Loader!D62 -> 10 | AB64: =Loader!D64 -> 60 | AC64: =Loader!D66 -> 396.5 | AD64: =Loader!D68 -> 523.5 | AE64: =Loader!D70 -> 272.25 | AF64: =Loader!D72 -> 479.5 | AG64: =Loader!D74 -> 422.7 | AH64: =Loader!D76 -> 0 | AI64: =Loader!D78 -> 0 | AJ64: =Loader!D80 -> 0 | AK64: =Loader!D82 -> 0 | AL64: =Loader!D84 -> 0 | AM64: =SUM(D64:AL64) -> 7828.95 | AN64: 1 | AP64: =AM64*$AN$59 -> 7828.95 | AQ64: 0 | AR64: =AP64+AQ64 -> 7828.95
A65: 66097 | B65: นายพีระศักดิ์ ดาราสี | C65: QC | D65: =Loader!D7 -> 311.5 | E65: =Loader!D9 -> 516 | F65: =Loader!D11 -> 167.25 | G65: =Loader!D13 -> 361.25 | H65: =Loader!D15 -> 413.75 | I65: =Loader!D17 -> 422.5 | J65: 0 | K65: 0 | L65: =Loader!D23 -> 609 | M65: =Loader!D25 -> 217 | N65: =Loader!D27 -> 354.75 | O65: =Loader!D29 -> 505.5 | P65: =Loader!D31 -> 369.75 | Q65: =Loader!D33 -> 284 | R65: =Loader!D35 -> 322 | S65: =Loader!D37 -> 318.25 | T65: =Loader!D39 -> 251 | U65: =Loader!D50 -> 0 | V65: =Loader!D52 -> 0 | W65: =Loader!D54 -> 0 | X65: =Loader!D56 -> 0 | Y65: =Loader!D58 -> 0 | Z65: =Loader!D60 -> 0 | AA65: =Loader!D62 -> 10 | AB65: =Loader!D64 -> 60 | AC65: =Loader!D66 -> 396.5 | AD65: =Loader!D68 -> 523.5 | AE65: =Loader!D70 -> 272.25 | AF65: =Loader!D72 -> 479.5 | AG65: =Loader!D74 -> 422.7 | AH65: =Loader!D76 -> 0 | AI65: =Loader!D78 -> 0 | AJ65: =Loader!D80 -> 0 | AK65: =Loader!D82 -> 0 | AL65: =Loader!D84 -> 0 | AM65: =SUM(D65:AL65) -> 7587.95 | AN65: 1 | AP65: =AM65*$AN$59 -> 7587.95 | AQ65: 0 | AR65: =AP65+AQ65 -> 7587.95
A66: 66102 | B66: นายวสันต์ บางยิ้ม | C66: ช่างซ่อมบำรุง | D66: =Loader!D7 -> 311.5 | E66: =Loader!D9 -> 516 | F66: =Loader!D11 -> 167.25 | G66: =Loader!D13 -> 361.25 | H66: =Loader!D15 -> 413.75 | I66: =Loader!D17 -> 422.5 | J66: =Loader!D19 -> 241 | K66: 0 | L66: =Loader!D23 -> 609 | M66: =Loader!D25 -> 217 | N66: =Loader!D27 -> 354.75 | O66: =Loader!D29 -> 505.5 | P66: =Loader!D31 -> 369.75 | Q66: =Loader!D33 -> 284 | R66: =Loader!D35 -> 322 | S66: =Loader!D37 -> 318.25 | T66: =Loader!D39 -> 251 | U66: =Loader!D50 -> 0 | V66: =Loader!D52 -> 0 | W66: =Loader!D54 -> 0 | X66: =Loader!D56 -> 0 | Y66: =Loader!D58 -> 0 | Z66: =Loader!D60 -> 0 | AA66: =Loader!D62 -> 10 | AB66: =Loader!D64 -> 60 | AC66: =Loader!D66 -> 396.5 | AD66: =Loader!D68 -> 523.5 | AE66: =Loader!D70 -> 272.25 | AF66: =Loader!D72 -> 479.5 | AG66: =Loader!D74 -> 422.7 | AH66: =Loader!D76 -> 0 | AI66: =Loader!D78 -> 0 | AJ66: =Loader!D80 -> 0 | AK66: =Loader!D82 -> 0 | AL66: =Loader!D84 -> 0 | AM66: =SUM(D66:AL66) -> 7828.95 | AN66: 1 | AP66: =AM66*$AN$59 -> 7828.95 | AQ66: 0 | AR66: =AP66+AQ66 -> 7828.95
A67: 64020 | B67: นายสมชัย พรมจันทร์ | C67: คนโหลด | D67: =Loader!D7 -> 311.5 | E67: =Loader!D9 -> 516 | F67: =Loader!D11 -> 167.25 | G67: =Loader!D13 -> 361.25 | H67: =Loader!D15 -> 413.75 | I67: 0 | J67: =Loader!D19 -> 241 | K67: 0 | L67: =Loader!D23 -> 609 | M67: =Loader!D25 -> 217 | N67: =Loader!D27 -> 354.75 | O67: =Loader!D29 -> 505.5 | P67: =Loader!D31 -> 369.75 | Q67: 0 | R67: =Loader!D35 -> 322 | S67: =Loader!D37 -> 318.25 | T67: =Loader!D39 -> 251 | U67: =Loader!D50 -> 0 | V67: =Loader!D52 -> 0 | W67: =Loader!D54 -> 0 | X67: =Loader!D56 -> 0 | Y67: =Loader!D58 -> 0 | Z67: =Loader!D60 -> 0 | AA67: =Loader!D62 -> 10 | AB67: =Loader!D64 -> 60 | AC67: =Loader!D66 -> 396.5 | AD67: =Loader!D68 -> 523.5 | AE67: =Loader!D70 -> 272.25 | AF67: =Loader!D72 -> 479.5 | AG67: =Loader!D74 -> 422.7 | AH67: =Loader!D76 -> 0 | AI67: =Loader!D78 -> 0 | AJ67: =Loader!D80 -> 0 | AK67: =Loader!D82 -> 0 | AL67: =Loader!D84 -> 0 | AM67: =SUM(D67:AL67) -> 7122.45 | AN67: 1 | AP67: =AM67*$AN$59 -> 7122.45 | AQ67: 0 | AR67: =AP67+AQ67 -> 7122.45
A68: รวม | AP68: =SUM(AP59:AP67) -> 65938.05 | AQ68: =SUM(AQ59:AQ67) -> 0 | AR68: =SUM(AR59:AR67) -> 65938.05
A69: ค่าคอมมิชชั่น ( Sales ) | AM69: รวมคิว | AN69: คิวละ | AP69: รวม | AQ69: อื่นๆ | AR69: Total
A70: 64003 | B70: นายอำนาจ ชัยประภา (Sales) | C70: งานเครดิต | D70: ='เซลล์ (งานเครดิต)'!$G$14 -> 105.5 | E70: ='เซลล์ (งานเครดิต)'!$G$24 -> 227.5 | F70: ='เซลล์ (งานเครดิต)'!$G$32 -> 9.5 | G70: ='เซลล์ (งานเครดิต)'!$G$40 -> 226.5 | H70: ='เซลล์ (งานเครดิต)'!$G$57 -> 40.5 | I70: ='เซลล์ (งานเครดิต)'!$G$66 -> 44.5 | J70: ='เซลล์ (งานเครดิต)'!$G$76 -> 158.5 | K70: ='เซลล์ (งานเครดิต)'!$G$85 -> 41 | L70: ='เซลล์ (งานเครดิต)'!$G$102 -> 24 | M70: ='เซลล์ (งานเครดิต)'!$G$110 -> 74.5 | N70: ='เซลล์ (งานเครดิต)'!$G$118 -> 54 | O70: ='เซลล์ (งานเครดิต)'!$G$126 -> 252 | P70: ='เซลล์ (งานเครดิต)'!$G$144 -> 161 | Q70: ='เซลล์ (งานเครดิต)'!$G$152 -> 95 | R70: ='เซลล์ (งานเครดิต)'!$G$160 -> 28 | S70: ='เซลล์ (งานเครดิต)'!$G$170 -> 196 | T70: ='เซลล์ (งานเครดิต)'!$G$187 -> 0 | U70: ='เซลล์ (งานเครดิต)'!$G$195 -> 0 | V70: ='เซลล์ (งานเครดิต)'!$G$203 -> 0 | W70: ='เซลล์ (งานเครดิต)'!$G$211 -> 0 | X70: ='เซลล์ (งานเครดิต)'!$G$228 -> 0 | Y70: ='เซลล์ (งานเครดิต)'!$G$241 -> 0 | Z70: ='เซลล์ (งานเครดิต)'!$G$249 -> 0 | AA70: ='เซลล์ (งานเครดิต)'!$G$257 -> 4 | AB70: ='เซลล์ (งานเครดิต)'!G278 -> 0 | AC70: ='เซลล์ (งานเครดิต)'!$G$287 -> 188.5 | AD70: ='เซลล์ (งานเครดิต)'!$G$296 -> 0 | AE70: ='เซลล์ (งานเครดิต)'!$G$304 -> 65 | AF70: ='เซลล์ (งานเครดิต)'!$G$322 -> 281 | AG70: ='เซลล์ (งานเครดิต)'!$G$332 -> 45.5 | AH70: ='เซลล์ (งานเครดิต)'!$G$340 -> 0 | AI70: ='เซลล์ (งานเครดิต)'!G348 -> 0 | AJ70: ='เซลล์ (งานเครดิต)'!G356 -> 0 | AK70: ='เซลล์ (งานเครดิต)'!G364 -> 0 | AL70: ='เซลล์ (งานเครดิต)'!G372 -> 0 | AM70: =SUM(D70:AL70) -> 2322 | AN70: 5 | AP70: =AM70*AN70 -> 11610 | AQ70: 0 | AR70: =AP70+AP71 -> 24033.25
C71: งานเงินสด | D71: ='เซลล์ (งานเงินสด)'!$G$16 -> 17.5 | E71: ='เซลล์ (งานเงินสด)'!$G$25 -> 31 | F71: ='เซลล์ (งานเงินสด)'!$G$36 -> 127 | G71: ='เซลล์ (งานเงินสด)'!$G$45 -> 115.5 | H71: ='เซลล์ (งานเงินสด)'!$G$62 -> 80.5 | I71: ='เซลล์ (งานเงินสด)'!$G$71 -> 117 | J71: ='เซลล์ (งานเงินสด)'!$G$79 -> 28 | K71: ='เซลล์ (งานเงินสด)'!$G$88 -> 109.25 | L71: ='เซลล์ (งานเงินสด)'!$G$105 -> 134 | M71: ='เซลล์ (งานเงินสด)'!$G$116 -> 88.5 | N71: ='เซลล์ (งานเงินสด)'!$G$126 -> 72.75 | O71: ='เซลล์ (งานเงินสด)'!$G$137 -> 6 | P71: ='เซลล์ (งานเงินสด)'!$G$155 -> 131.5 | Q71: ='เซลล์ (งานเงินสด)'!$G$165 -> 69 | R71: ='เซลล์ (งานเงินสด)'!$G$174 -> 219 | S71: ='เซลล์ (งานเงินสด)'!$G$188 -> 62.5 | T71: ='เซลล์ (งานเงินสด)'!$G$205 -> 117 | U71: ='เซลล์ (งานเงินสด)'!$G$213 -> 0 | V71: ='เซลล์ (งานเงินสด)'!$G$223 -> 0 | W71: ='เซลล์ (งานเงินสด)'!$G$232 -> 0 | X71: ='เซลล์ (งานเงินสด)'!$G$249 -> 0 | Y71: ='เซลล์ (งานเงินสด)'!$G$262 -> 0 | Z71: ='เซลล์ (งานเงินสด)'!$G$273 -> 0 | AA71: ='เซลล์ (งานเงินสด)'!$G$286 -> 0 | AB71: ='เซลล์ (งานเงินสด)'!G309 -> 0 | AC71: ='เซลล์ (งานเงินสด)'!$G$318 -> 52 | AD71: ='เซลล์ (งานเงินสด)'!$G$327 -> 109 | AE71: ='เซลล์ (งานเงินสด)'!$G$338 -> 31.25 | AF71: ='เซลล์ (งานเงินสด)'!$G$358 -> 30.5 | AG71: ='เซลล์ (งานเงินสด)'!$G$366 -> 26 | AH71: ='เซลล์ (งานเงินสด)'!G374 -> 0 | AI71: ='เซลล์ (งานเงินสด)'!G382 -> 0 | AJ71: ='เซลล์ (งานเงินสด)'!G390 -> 0 | AK71: ='เซลล์ (งานเงินสด)'!G402 -> 0 | AL71: ='เซลล์ (งานเงินสด)'!G410 -> 0 | AM71: =SUM(D71:AL71) -> 1774.75 | AN71: 7 | AP71: =AM71*AN71 -> 12423.25 | AQ71: 0
A72: รวมค่าเที่ยว+ค่าคิว+ค่าคอมมิชชั่น+ค่าทำความสะอาด | AP72: =AR39+AR55+AR57+AR48+AR68+AR70 -> 258182.2
B75: ลงชื่อ............................................... | Q75: ลงชื่อ | S75: .................................................. | AM75: ลงชื่อ | AN75: ...............................................
B76: ( นางสาวชลธิชา คงเจริญ ) | S76: ( นายวีระพล ธนศิริ ) | AN76: ( นายปวิช วิรัชธนภัณฑ์ )
B77: ผู้จัดทำ | S77: ผู้จัดการแพล้น | AN77: ผู้จัดการทั่วไป
